TotalMinutesAsleep,Calories,TotalSteps,VeryActiveMinutes,SedentaryMinutes,BMI,AvgHeartRate
327.0,1985,13162,25,728,22.6499996185303,68.65625
384.0,1797,10735,21,776,22.6499996185303,68.65625
412.0,1745,9762,29,726,22.6499996185303,68.65625
340.0,1863,12669,36,773,22.6499996185303,68.65625
700.0,1728,9705,38,539,22.6499996185303,68.65625
304.0,2035,15506,50,775,22.6499996185303,68.65625
360.0,1786,10544,28,818,22.6499996185303,68.65625
325.0,1775,9819,19,838,22.6499996185303,68.65625
361.0,1949,14371,41,732,22.6499996185303,68.65625
430.0,1788,10039,39,709,22.6499996185303,68.65625
277.0,2013,15355,73,814,22.6499996185303,68.65625
245.0,1970,13755,31,833,22.6499996185303,68.65625
366.0,1898,13154,48,782,22.6499996185303,68.65625
341.0,1837,11181,16,815,22.6499996185303,68.65625
404.0,1947,14673,52,712,22.6499996185303,68.65625
369.0,1820,10602,33,730,22.6499996185303,68.65625
277.0,2004,14727,41,798,22.6499996185303,68.65625
273.0,1990,15103,50,816,22.6499996185303,68.65625
247.0,1959,14070,45,857,22.6499996185303,68.65625
334.0,1896,12159,24,754,22.6499996185303,68.65625
331.0,1821,11992,37,833,22.6499996185303,68.65625
594.0,1740,10060,44,574,22.6499996185303,68.65625
338.0,1819,12022,46,835,22.6499996185303,68.65625
383.0,1859,12207,46,746,22.6499996185303,68.65625
285.0,1783,12770,36,669,22.6499996185303,68.65625
750.0,2220,678,0,734,47.5400009155273,68.65625
398.0,2151,356,0,986,47.5400009155273,68.65625
475.0,2221,980,0,941,47.5400009155273,68.65625
296.0,2638,3761,0,1058,47.5400009155273,68.65625
166.0,2351,1675,0,1167,47.5400009155273,68.65625
437.0,1214,838,0,1053,,68.65625
506.0,1576,6017,0,821,,99.50581395348837
511.0,1690,7018,0,716,,84.13457076566125
531.0,1869,10685,0,543,,98.2339008142117
467.0,2038,10352,19,676,,73.81290461804058
445.0,2010,10129,1,705,,72.57948213700426
452.0,2133,10465,1,720,,75.68525687977399
556.0,1882,5472,1,508,,75.36218020022247
500.0,1944,8247,11,678,,71.23214476924724
465.0,2346,6711,0,648,,81.30099693251533
460.0,2048,10080,23,761,,73.41425341802132
405.0,1946,7804,9,781,,71.99640209332752
374.0,2629,16901,32,591,,83.43309231897726
442.0,2187,9471,0,584,,77.57597373188406
433.0,2095,9482,15,653,,73.86135600335852
436.0,1861,5980,0,732,,71.73179652000444
448.0,2194,11423,26,623,,75.19362135263515
408.0,1854,5439,0,764,,73.40854132002218
411.0,403,42,0,2,,62.86971235194586
501.0,3654,8539,4,712,,83.4990136324824
77.0,3051,1982,65,1222,,100.90332042707966
322.0,2828,4496,0,950,,77.8770095559303
478.0,3879,10252,13,531,,83.4561661803678
226.0,3429,11728,38,916,,85.57474310689543
385.0,2704,4369,0,855,,75.64283228276422
364.0,3089,5862,0,775,,78.0410612388964
442.0,2926,5546,0,774,,72.61970379024775
499.0,3066,8758,0,837,,67.47093970668115
426.0,3073,6580,6,609,,75.47658862876254
619.0,2572,4660,0,721,,66.39134502923977
99.0,3274,11009,27,1017,,81.49099490746491
329.0,3015,10181,20,704,,65.5324563295234
421.0,3083,10553,19,696,,65.40125868055556
442.0,3069,10055,7,853,,63.099279119767296
82.0,3544,12139,77,945,,73.27719923266649
478.0,3306,13236,58,749,,67.08074201158053
552.0,2885,10243,14,584,,62.10169687175343
319.0,2929,9461,14,673,,62.51359843970094
439.0,3074,11193,11,684,,62.120521869318786
428.0,2969,10074,19,878,,62.32648343180067
409.0,3283,12533,14,537,,64.22769296925392
547.0,2926,10255,12,579,,60.02217947267172
368.0,3147,10096,33,935,,66.39496105160661
390.0,3162,12375,35,632,,61.94766681203663
471.0,2899,9603,12,896,,61.041297935103245
471.0,2899,9603,12,896,,61.041297935103245
472.0,4022,22770,120,508,,66.62712040795088
529.0,3934,17298,107,576,,76.78011037766476
62.0,3013,10218,6,1020,,64.05171717171717
354.0,3061,10299,13,648,,61.22121701669359
469.0,2954,10201,8,858,,59.97196611014204
126.0,2486,13743,6,844,27.3199996948242,85.66238718698361
103.0,2223,9148,12,1062,27.3199996948242,91.335402888379
171.0,1918,7833,15,1096,27.3199996948242,80.55509145902347
115.0,1692,3428,0,1121,27.3199996948242,70.84190403364558
123.0,2666,6543,66,1019,27.3199996948242,104.87147199305254
441.0,2026,11596,19,767,,64.36511350059737
455.0,1718,4832,0,647,,61.483418208918145
357.0,2324,17022,61,693,,72.56047167909696
377.0,2254,16556,58,689,,69.0200328407225
651.0,1831,5771,0,521,,66.0213644088371
350.0,1397,655,0,943,,59.37717466945024
520.0,1683,3727,0,622,,65.3844028632425
357.0,2284,15482,69,756,,74.88753310631857
658.0,1570,2713,0,598,,60.040417526398834
399.0,2066,12346,47,801,,71.33225337951068
322.0,2105,11682,25,781,,70.42847711267606
631.0,1776,4112,0,443,,67.07407854984895
553.0,1507,1807,0,582,,63.97276314114802
433.0,2033,10946,51,732,,72.04626295690126
412.0,2093,11886,40,750,,73.01322425193321
347.0,1922,10538,16,745,,65.07076392877657
421.0,1999,11393,49,727,,71.07164801404433
450.0,2169,12764,46,709,,73.07417008111047
775.0,1463,1202,0,506,,65.77999501122474
622.0,1747,5164,0,436,,66.54344989561586
409.0,1996,9769,23,724,,72.59142652035689
380.0,2116,12848,26,812,,69.95312333155366
447.0,1698,4249,0,651,,61.67218347322378
419.0,2156,14331,44,692,,69.4014172571905
400.0,1916,9632,21,761,,63.165196696066076
442.0,1494,1868,0,902,,63.02644230769231
568.0,1762,6083,3,505,,65.5694360947457
453.0,2272,11611,59,667,,76.65612883984491
418.0,2335,16358,61,707,,76.83269438710312
463.0,1693,4926,0,628,,65.40050890585242
438.0,741,3121,8,222,,64.19532265049806
419.0,3405,8135,86,728,28.0,65.65607369027059
432.0,2551,5077,15,776,28.0,59.7035779576913
477.0,4022,8596,118,662,28.0,76.83571282888028
392.0,4005,12087,115,695,28.0,73.68219516499029
406.0,4274,14269,184,472,28.0,69.84255028980566
549.0,4552,12231,200,525,28.0,71.11754189944133
527.0,3625,9893,114,623,28.0,68.649090276973
449.0,3501,12574,108,733,28.0,70.46025152878735
447.0,3192,8330,87,773,28.0,69.17306809487376
414.0,4018,10830,110,670,28.0,72.31130021769246
338.0,3329,9172,62,823,28.0,64.64848702308336
384.0,3152,7638,24,627,28.0,65.07899988261534
543.0,4392,15764,210,425,28.0,72.2686495562485
421.0,3374,6393,61,743,28.0,67.54545454545455
354.0,3088,5325,38,759,28.0,65.35988133272478
424.0,3294,6805,63,773,28.0,66.42827775239836
361.0,3580,9841,99,692,28.0,70.68770690796734
459.0,3544,7924,97,739,28.0,66.26641414141415
412.0,4501,12363,207,621,28.0,71.55549407989378
379.0,4546,13368,194,499,28.0,73.70357503081924
525.0,3014,7439,37,732,28.0,64.60946601941748
508.0,3795,11045,97,580,28.0,70.00069044879172
603.0,2755,5206,25,631,28.0,62.24588163514338
74.0,3004,7550,45,1153,28.0,72.21057965139846
504.0,3841,8869,104,639,28.0,75.29284883200573
431.0,1665,4038,45,257,28.0,67.04067948144836
380.0,2828,14450,7,502,,87.02745664739885
336.0,2225,7150,0,702,,85.35302197802197
493.0,2018,5153,0,759,,82.91442424242425
465.0,2606,11135,0,425,,83.5081252044934
474.0,2536,10449,26,587,,85.50435634937922
508.0,4900,19542,11,579,,79.40156418554477
480.0,2409,8206,0,413,,81.7020639147803
492.0,2651,11495,0,468,,81.79523809523809
353.0,2305,7623,0,711,,84.20596510973552
542.0,2576,9411,0,417,,83.14904055822068
393.0,1879,3403,0,758,,80.09522625559423
600.0,2560,9592,0,479,,82.1624183006536
507.0,2361,8915,0,525,,77.43914274160939
392.0,2636,9799,0,479,,84.71879315839796
658.0,1838,3365,0,673,,76.57278208441
498.0,2469,7336,0,456,,83.87947810703228
555.0,2250,7328,0,517,,81.14073912569498
492.0,1248,4477,0,125,,76.46606060606061
235.0,2400,4053,17,1053,,82.71974376572867
423.0,2507,5162,14,863,,79.26807673389081
391.0,2127,1282,0,976,,80.59450072358901
366.0,1994,10199,50,796,24.3899993896484,85.03632013919095
630.0,1718,5652,8,548,24.2399997711182,80.51959835470602
508.0,1466,1551,0,862,24.1000003814697,70.12622079367041
370.0,1756,5563,0,837,24.0,72.99198084979055
357.0,2173,13217,50,741,24.2099990844727,82.04018218623482
427.0,2027,10145,5,634,23.9599990844727,76.66448880822746
442.0,2039,11404,13,689,23.8899993896484,76.9169910837624
476.0,2046,10742,35,659,23.9599990844727,77.42858801672085
418.0,2174,13928,48,639,24.1000003814697,74.90601080594327
451.0,2179,11835,53,708,23.9599990844727,83.47130206625123
425.0,2086,10725,30,659,23.9599990844727,79.11627137341424
528.0,2571,20031,58,484,24.0,84.64590097402598
511.0,1705,5029,0,720,24.0,68.82344093486059
400.0,2194,13239,35,637,24.1000003814697,73.98988232706478
441.0,2012,10433,36,680,24.1000003814697,77.07536166872266
455.0,2034,10320,7,697,23.8899993896484,72.99697498545666
440.0,2182,12627,38,621,23.8899993896484,82.0752688172043
433.0,2254,10762,12,645,23.9599990844727,80.9635204922536
422.0,2002,10081,32,731,23.8199996948242,80.1626647834275
411.0,1740,5454,0,722,24.1000003814697,73.29039031620553
466.0,2162,12912,18,655,24.0,79.67409119562933
394.0,2072,12109,21,654,23.8199996948242,75.40436222450612
442.0,2086,10147,15,683,23.8500003814697,79.47459105779717
467.0,2066,10524,14,591,23.9300003051758,76.64476227290298
443.0,1850,5908,0,717,24.0,72.33436738311545
298.0,1947,6815,0,745,23.8899993896484,76.97600374575676
541.0,1659,4188,0,709,23.8899993896484,74.99709744298549
489.0,2105,12342,43,607,24.3500003814697,77.01762783095961
469.0,2361,15448,62,626,24.2399997711182,83.32208250606662
452.0,1855,6722,24,709,24.1700000762939,79.25104235242485
516.0,928,3587,0,127,24.1700000762939,75.71574096531651
79.0,2076,4631,0,1155,,79.95248226950355
58.0,2225,5600,0,1142,,84.96455424274973
458.0,2044,2564,0,831,,68.92157638065112
531.0,1934,1320,0,806,,68.50609149676778
486.0,1963,1219,0,853,,69.08939820399411
363.0,2009,2483,0,937,,66.8635228848821
528.0,2188,3147,0,744,,69.61815840309079
391.0,2419,4068,1,817,,70.26147822992051
339.0,2748,5245,8,795,,77.82583837273226
423.0,2067,1758,0,900,,68.79205329526529
402.0,2780,6157,0,714,,76.701621506294
398.0,3101,8360,6,634,,80.91153025710116
343.0,2896,7174,10,749,,81.46464198625581
503.0,1962,1619,0,834,,67.81017067223964
415.0,2015,1831,0,916,,67.40391870512353
516.0,2297,2421,0,739,,74.37193973634652
439.0,2067,2283,0,848,,74.97814661134163
58.0,2684,16589,10,1148,22.6499996185303,85.45752875522176
355.0,2239,9356,0,751,25.321098102018,59.37717466945024
58.0,2046,156,0,450,25.9012834333956,73.61794782077226
58.0,2259,4087,20,730,,61.40540332046846
382.0,1843,1081,13,873,,70.7828926408472
454.0,1893,14696,46,677,,82.83886313776563
549.0,1532,3641,3,622,,69.39546005844694
124.0,607,10534,0,571,,69.27923984614168
344.0,1872,2203,60,1222,,73.94794796394757
198.0,2368,255,29,683,,69.50909345181005
405.0,1424,42,77,702,25.6720144977524,65.55217291729286
109.0,1437,42,24,1127,,64.47292630784658
282.0,1133,5189,1,840,,64.04304724882277
483.0,1919,921,0,1056,,65.36173575644834
476.0,3929,13537,0,1222,25.872603384756,71.98492013712551
304.0,1653,9869,10,616,,67.37131688022512
242.0,1634,2345,26,477,,69.12063371393207
559.0,1715,8399,18,829,25.613046830897,79.8788090983291
269.0,784,7637,7,677,25.524766682371,59.37717466945024
58.0,1940,11190,47,736,26.6500137950262,59.70266447942916
386.0,1171,6900,0,695,25.5451012921806,77.39474060843747
541.0,2518,42,14,567,,67.1245217841032
374.0,1597,17267,83,858,,70.36285370567568
337.0,2489,9093,11,914,,72.71946767975888
135.0,1296,1143,40,1165,,67.81363855477795
482.0,1618,42,0,709,24.3304775858156,66.87647644596632
420.0,2549,4368,25,235,25.4002859271829,59.37717466945024
217.0,965,4623,6,1026,,76.88861036568841
682.0,1826,42,0,679,,69.36341228010384
58.0,1161,69,17,1222,26.3440083631997,73.16122108662869
385.0,1602,3575,2,827,,75.37361451067346
58.0,1798,416,18,161,,59.37717466945024
190.0,403,3970,58,564,25.7019467995978,65.30836831057599
277.0,1706,14585,8,530,,84.6828104753106
310.0,1840,13141,7,972,25.771521715926,72.38374723462867
371.0,730,14959,61,1169,,63.77407357650365
291.0,2142,42,14,1222,26.2424561547247,67.88860989972903
457.0,1540,10217,5,891,,59.37717466945024
58.0,1968,8520,71,1222,25.5214126390519,65.42051485162092
524.0,611,13046,5,2,,79.71689185915855
226.0,1845,9520,35,740,,71.46688441321488
306.0,3064,7108,16,1015,22.6499996185303,63.31666484581668
109.0,4629,2644,60,1222,26.1458795629756,69.794018807322
116.0,3681,6672,7,787,25.1356646198127,80.8560078953012
171.0,1287,6552,78,826,29.2583396894142,65.53372108736976
365.0,1681,3880,21,526,,70.21444007677985
399.0,4131,4257,22,941,,75.37798701479002
494.0,403,6743,18,2,25.1833168583031,69.56404069163304
324.0,1382,9792,20,733,,69.00386258868886
249.0,1290,3204,0,876,25.5076646255928,72.80761494234928
323.0,1492,1209,36,1222,22.6499996185303,69.81553826259986
595.0,3912,7383,56,885,25.3156285978768,60.46102663103551
354.0,2236,6450,13,1222,,59.37717466945024
431.0,1888,2784,19,708,,62.71330752191444
452.0,2919,9388,0,1222,23.2446020899907,61.32629434393832
387.0,3653,42,28,1222,,64.5608943317854
251.0,1872,42,22,1186,22.7034091978521,64.08722721406417
558.0,825,42,7,715,22.6499996185303,59.37717466945024
58.0,1820,9883,3,1222,,59.37717466945024
58.0,3238,10690,67,638,,83.65626989649462
305.0,1360,42,55,455,25.1149778967925,59.37717466945024
58.0,971,13697,62,1222,,81.22698600548571
503.0,438,11558,3,802,25.4409912765326,61.79170436684924
58.0,403,8287,0,1014,,74.46213998197507
222.0,3033,273,63,762,,73.81375918382203
426.0,1466,154,19,808,25.9318020906597,86.02057574198912
58.0,1583,5141,59,832,,74.83740343906285
417.0,2908,5521,17,482,25.7740026240902,74.76506875092622
314.0,1254,6175,51,580,25.3325014261618,59.37717466945024
120.0,4063,7730,0,906,26.5676406133248,85.9436149339737
58.0,1933,14320,3,1103,26.2487142789828,81.37097193810887
440.0,1732,4126,46,1028,25.7050843315244,76.66958789865625
309.0,1903,14076,5,987,25.6009621683886,78.915974516708
348.0,1361,1824,9,1058,,67.86577080060951
472.0,2644,14409,210,996,26.0831483621783,75.03031926779813
234.0,1401,8637,6,125,25.2224294353608,84.4275504200104
657.0,2005,14809,0,572,,65.38203271496623
499.0,2617,2667,38,1016,,69.36221955603307
368.0,3861,15252,0,650,22.8957103623597,66.87777008343845
58.0,1672,2144,39,575,22.6499996185303,75.20066066282553
130.0,1484,5946,50,696,,81.23745652517961
724.0,2428,5712,0,907,,83.70420169703587
417.0,2044,2754,8,621,,70.41520904919018
82.0,524,1061,0,659,,65.00745233490818
58.0,1725,9744,22,659,,62.844453368631264
441.0,4732,7608,0,960,,80.19872785422562
58.0,2817,523,0,811,,75.19506427849537
471.0,1076,7806,0,689,25.7251739442427,70.20707785324208
610.0,3569,14717,43,574,,68.78530262840981
58.0,2082,12141,48,954,,77.35406566513444
302.0,745,42,6,1020,,59.37717466945024
435.0,2725,6071,0,347,,59.37717466945024
514.0,1743,15112,0,606,25.2957196516268,59.37717466945024
58.0,2531,9383,2,844,25.8336522802962,59.37717466945024
377.0,1851,6044,0,716,29.6358341708105,70.39568168784558
217.0,1698,7254,10,988,,80.22768944568416
210.0,1539,5559,0,1111,26.4282018241973,77.02540976072565
615.0,2075,1337,0,390,25.6111778903873,61.736194575885975
58.0,1979,6635,0,491,,66.16842889576341
352.0,3788,4863,25,527,,72.28733746516195
480.0,2786,15160,7,520,,69.29263601290076
414.0,1647,5810,0,787,26.0348798050426,70.98136677534829
337.0,3157,42,59,817,,79.28522474473088
543.0,2533,3353,55,866,,82.79183504069252
615.0,2075,1337,0,390,25.6111778903873,61.736194575885975
389.0,2469,1845,3,1201,,63.448492464859875
299.0,706,11870,29,128,,76.7691302437256
292.0,2624,8614,36,313,22.9771168756214,59.37717466945024
540.0,2192,5358,1,874,,70.3359125557628
223.0,2301,5856,0,1075,26.6472054408357,63.17946388470239
482.0,2342,5870,0,1222,,66.41108619181824
463.0,2060,13699,18,828,,69.80764039415347
113.0,2318,6289,12,480,25.3845413392448,86.0289261198868
58.0,1934,3336,52,487,,61.23429422713429
162.0,4783,252,0,762,26.8082848933154,73.0620936295853
613.0,1681,6901,43,663,,71.44200455920286
314.0,1254,6175,51,580,25.3325014261618,59.37717466945024
469.0,975,1018,80,1222,,83.22642380227916
266.0,1828,3234,39,429,,59.37717466945024
304.0,422,7205,42,1025,,73.33933617309026
458.0,1897,10728,0,157,,79.98897298464826
452.0,2039,3606,0,998,25.7814248849681,72.01046955738877
58.0,1770,11542,44,760,,66.06608715191938
205.0,757,5663,1,366,,76.43529134449027
422.0,2499,11208,43,662,,66.12901992338308
664.0,1778,9177,29,1222,26.2558763165625,60.7339206213327
90.0,2011,3805,0,534,22.6499996185303,72.52789501104719
539.0,403,96,1,775,26.0942022084837,65.53514297102744
254.0,1450,8071,8,917,,74.22321551786654
302.0,2161,4713,63,586,25.396402550762,72.8551930094517
438.0,1811,6365,49,656,,59.37717466945024
612.0,2623,7750,32,930,,59.37717466945024
293.0,2551,10822,39,748,,83.59553655095894
775.0,758,1995,0,966,22.6499996185303,72.01650687534706
374.0,1534,2554,0,1222,,72.93352043543354
220.0,1473,7380,4,1083,25.6835909842084,64.28795115424153
451.0,1539,42,84,231,,72.91783519503467
306.0,2035,9435,20,447,,65.46404685352903
356.0,1927,9420,46,1061,26.1979167119104,71.04610193557212
408.0,688,8767,19,1213,22.6499996185303,102.24413775837672
314.0,1254,6175,51,580,25.3325014261618,59.37717466945024
268.0,1588,7392,0,1222,,66.45976079459075
282.0,1928,3706,23,1222,25.0542243729465,64.08432269109585
229.0,1598,12982,1,635,22.6499996185303,66.4798255942905
313.0,3149,5288,0,1222,25.8057709916455,59.37717466945024
388.0,1897,7150,0,929,,59.37717466945024
207.0,2162,2253,36,828,22.6499996185303,68.30172408840626
343.0,1343,7536,4,453,,63.47352433828334
58.0,1843,12254,0,1066,26.6556532879222,70.29029855072498
58.0,2259,4087,20,730,,61.40540332046846
282.0,1730,2649,0,718,25.9361839190276,73.25350039191792
303.0,1446,13617,42,563,25.8383980506007,69.39617764293776
675.0,884,7705,74,1074,,60.23003291387576
441.0,1623,7176,0,989,,66.08624925932638
317.0,1299,1270,82,633,26.6265166538815,78.40074554540183
475.0,2148,2382,41,956,27.9552534158156,72.5296233369409
438.0,1811,6365,49,656,,59.37717466945024
601.0,2370,5905,0,551,25.432528456765,61.695606498404274
402.0,1876,6792,0,924,,67.35817621622911
349.0,950,4638,8,958,25.4421322111092,70.39767799116908
148.0,2685,42,7,737,,61.342269982872956
266.0,2477,7610,16,1014,,69.3466237651769
355.0,2826,3837,0,474,26.0947925308492,68.4580119260893
58.0,765,5673,53,1222,26.4795707536639,59.37717466945024
285.0,1420,5271,0,914,26.1130311178758,59.37717466945024
336.0,2613,2114,49,822,32.4431044892407,68.93047471467148
58.0,3360,8743,13,779,,83.32076623496202
514.0,1662,8176,50,1222,,75.64521252494731
299.0,706,11870,29,128,,76.7691302437256
681.0,1999,10837,38,1222,,59.37717466945024
325.0,1865,7018,18,464,25.3709542007345,70.51822335195065
389.0,2469,1845,3,1201,,63.448492464859875
150.0,403,9018,84,1003,,76.24147002222307
377.0,1851,6044,0,716,29.6358341708105,70.39568168784558
361.0,826,6912,84,731,,65.1820897652632
417.0,2908,5521,17,482,25.7740026240902,74.76506875092622
323.0,1149,3356,16,808,,66.93835942725805
429.0,1711,7366,59,779,26.7286315597692,80.44266806989746
526.0,4303,5715,18,793,,74.1940117781934
481.0,2512,14329,35,973,,71.42969788064904
387.0,1764,14300,0,667,,68.74180278962233
452.0,1262,10139,46,666,,69.39109593520723
557.0,2050,42,0,1056,25.3623826662822,73.03368761186732
682.0,2101,11999,6,198,,59.471922423195245
367.0,1247,429,10,896,,61.759757156227266
492.0,3260,6079,0,634,25.9807235970615,73.32661276490224
458.0,823,4282,30,644,25.2450139346296,76.74590905336778
260.0,887,8310,15,1222,,75.4899112812638
327.0,992,42,58,743,,67.72236055249608
463.0,678,1887,15,385,,68.74173283333647
483.0,1919,921,0,1056,,65.36173575644834
58.0,1418,8626,0,1001,,70.52039224027418
324.0,1950,42,15,374,,59.37717466945024
215.0,1565,3374,10,819,26.0694800538343,75.08334337818776
516.0,1475,6316,1,915,,62.00671126014433
112.0,1711,5143,48,1217,25.8311008621962,65.29009542263438
66.0,1240,9475,28,619,25.614619450655,70.84296097175897
544.0,972,42,8,1031,47.5400009155273,77.17570551323458
71.0,1476,2798,9,181,26.2863346736928,65.08862086378291
245.0,1642,760,14,1222,,70.487181203592
721.0,2199,6450,4,943,,65.55798522718965
349.0,2054,3139,0,1093,26.9482434008917,69.11873684846343
58.0,2197,6903,0,707,25.9972727835204,69.2198727047461
58.0,2308,10364,60,644,25.6499689743176,78.71114111492965
393.0,1740,12981,0,697,,59.37717466945024
262.0,1819,2232,0,697,26.3609803549822,78.69023498096477
113.0,1331,8874,67,1030,25.9315132155619,83.25764116650674
212.0,2252,881,16,733,22.6499996185303,74.85893026077363
58.0,403,16414,31,369,23.5975591385925,80.64224677144442
508.0,1644,11516,13,984,,78.84262253733836
197.0,2057,7815,41,463,22.6499996185303,59.66806033951741
463.0,2060,13699,18,828,,69.80764039415347
417.0,2908,5521,17,482,25.7740026240902,74.76506875092622
323.0,2593,12108,0,846,25.5107416743111,65.59601148796517
135.0,1602,15581,23,492,,67.68529108877219
341.0,1745,3223,36,1112,23.8887496556837,59.37717466945024
743.0,470,2706,0,868,,70.88541056768042
468.0,1649,10081,8,1222,25.8401182407784,65.004643900657
428.0,403,10478,0,958,,77.50664935278473
168.0,2562,6508,3,777,,66.57941468612484
541.0,827,6510,2,345,,70.08656721993003
585.0,1527,512,22,241,,59.37717466945024
259.0,1952,9300,21,377,25.2081122158991,61.60785868863806
288.0,1423,2226,12,1222,,59.37717466945024
523.0,1302,8286,19,986,,68.60021784405077
303.0,403,9858,22,973,22.6499996185303,69.94704116684099
406.0,2026,11285,13,891,,59.37717466945024
372.0,793,6527,0,1222,24.1635576396102,59.37717466945024
208.0,1937,6817,13,55,22.6499996185303,67.3171336089969
234.0,1401,8637,6,125,25.2224294353608,84.4275504200104
254.0,403,11051,28,14,,87.62432185474701
299.0,1973,8116,57,1026,25.7453636860594,63.05921521027735
396.0,1522,11893,0,698,25.5848791897197,76.7616064848372
365.0,3293,14096,36,555,25.9180211006842,61.968621489308234
240.0,1579,11528,66,933,,74.76677250162771
414.0,1299,9807,31,658,26.6627672644161,70.67911992761677
322.0,2234,12125,19,610,22.6499996185303,70.43597291891913
471.0,967,11317,52,847,,75.27191116988729
58.0,2584,4298,91,232,24.9841262468602,60.547716956507294
310.0,1356,10870,28,2,,75.53830716707952
527.0,705,10189,9,526,,69.99449207006765
58.0,1187,13393,53,737,25.5609311593025,75.547916941921
90.0,2011,3805,0,534,22.6499996185303,72.52789501104719
525.0,2739,8609,2,960,,75.15319321064564
259.0,1261,2934,12,956,,62.944953523857734
556.0,2103,15983,0,673,25.9780211094913,61.90645920700233
298.0,1726,6516,0,1051,25.5410906479701,59.37717466945024
360.0,3367,7907,36,1222,,83.23865760576436
248.0,1474,7813,40,638,,77.12886841724381
58.0,3799,7915,13,978,25.799295958044,74.26943462275202
290.0,3651,1985,76,964,26.2480998154577,66.50677863127514
158.0,2472,7836,0,488,,59.37717466945024
411.0,722,8522,23,1222,,65.0226376568545
474.0,2214,2409,62,672,26.6273049167189,74.97517099385634
326.0,619,2727,0,646,,60.94655529264806
217.0,1698,7254,10,988,,80.22768944568416
501.0,1857,5952,0,809,,72.76904587805953
163.0,403,22770,33,923,25.701447778038,74.4389583437244
577.0,1069,4593,2,1222,26.0018227494012,78.31864375646333
74.0,2399,5987,2,1222,22.6499996185303,79.781918389584
331.0,3683,14888,0,985,24.6244344381429,59.37717466945024
461.0,1490,6643,1,1222,25.9666658159183,78.35442054804301
58.0,765,5673,53,1222,26.4795707536639,59.37717466945024
441.0,1299,720,0,943,25.070337591455,75.48497340342003
404.0,1598,8471,0,627,,69.63748653472292
297.0,2069,3548,1,941,26.2015800728177,69.25904442691107
246.0,1703,42,18,788,25.631572431608,70.25087432594054
336.0,2613,2114,49,822,32.4431044892407,68.93047471467148
83.0,2905,4836,0,1222,,68.07016300567287
550.0,1494,2423,12,337,,72.31898787041095
275.0,1531,6829,24,1222,26.0762587928115,69.67558024635784
282.0,1928,3706,23,1222,25.0542243729465,64.08432269109585
420.0,3188,9911,49,160,26.322075979121,70.7643979645817
601.0,2370,5905,0,551,25.432528456765,61.695606498404274
130.0,1288,1184,7,510,22.6499996185303,71.9580316045907
58.0,609,6248,0,665,23.6090401175484,69.57174090310943
320.0,2829,13279,13,874,25.7555743864931,85.55644995214315
435.0,1800,3792,29,1222,,63.615282141576
367.0,1771,343,24,892,22.7889239154825,64.3333859169338
58.0,1500,7366,12,1033,25.6791270502141,73.96586181709344
324.0,1550,42,79,705,25.6932293628777,63.84027056811755
478.0,1449,3722,0,816,26.3612538028283,69.59249502654643
198.0,403,15757,0,332,,74.27947138761643
290.0,1655,2688,34,39,25.5073853525405,83.96721045051565
757.0,2626,12400,0,1222,23.3081075984376,66.69162768978046
374.0,1534,2554,0,1222,,72.93352043543354
717.0,2962,9710,0,859,,59.37717466945024
212.0,2252,881,16,733,22.6499996185303,74.85893026077363
664.0,1778,9177,29,1222,26.2558763165625,60.7339206213327
310.0,1948,5639,56,1222,25.7644128252612,72.06646023555327
446.0,1794,5027,63,1158,,72.06076756142126
369.0,3945,10007,3,654,,80.6934775897532
489.0,1496,3578,29,96,25.6764446618409,66.42680758306105
389.0,1165,648,15,848,25.3645761640673,74.97350436718528
694.0,4790,4120,16,914,,59.37717466945024
473.0,1598,7622,66,842,22.7839761963394,60.116586710537035
231.0,3183,2494,21,933,,63.17202336419804
205.0,2188,9122,0,1105,22.6499996185303,69.05947179086243
58.0,3676,691,18,837,,71.67118478643474
207.0,2162,2253,36,828,22.6499996185303,68.30172408840626
589.0,2235,9199,0,1003,22.7033176499669,61.89053339184695
544.0,492,13921,0,717,22.6499996185303,79.05892513116103
422.0,3128,903,3,758,25.8750857983257,67.27549432069752
58.0,1860,42,58,1222,25.8248930177169,77.28733512239124
470.0,2874,12041,58,481,,59.37717466945024
58.0,403,2264,29,1222,,60.95857400837904
96.0,2911,4522,0,995,,63.01351358614497
197.0,2057,7815,41,463,22.6499996185303,59.66806033951741
277.0,4236,42,7,116,,67.9160414436054
345.0,1734,5623,7,619,,59.37717466945024
530.0,1779,105,0,751,,65.20498302922294
439.0,2139,2191,3,834,,68.12152282839453
483.0,1919,921,0,1056,,65.36173575644834
61.0,4154,2707,0,727,22.6499996185303,66.339100727925
304.0,1653,9869,10,616,,67.37131688022512
556.0,418,42,65,970,25.8627998183547,66.43055920211654
486.0,4451,12326,32,1222,25.3560570339989,62.49847552025266
246.0,2542,390,61,747,,74.71231246299091
755.0,1837,10547,11,576,,78.46106518680254
242.0,1634,2345,26,477,,69.12063371393207
481.0,2512,14329,35,973,,71.42969788064904
348.0,1321,3070,63,536,25.7956927320039,61.399108746887016
439.0,2139,2191,3,834,,68.12152282839453
463.0,403,9857,12,1222,,86.43591522507421
319.0,2273,3625,4,1222,,59.37717466945024
58.0,1517,2666,8,506,,81.09095659032374
250.0,2551,9826,25,1103,25.6748982035882,67.98619519431823
514.0,1743,15112,0,606,25.2957196516268,59.37717466945024
171.0,1287,6552,78,826,29.2583396894142,65.53372108736976
428.0,403,10478,0,958,,77.50664935278473
668.0,2551,958,0,669,,69.9054634663948
344.0,1872,2203,60,1222,,73.94794796394757
607.0,1432,6624,18,1222,26.1194297623229,80.42018749243768
400.0,1811,6887,25,670,22.6499996185303,62.57993943296157
549.0,1532,3641,3,622,,69.39546005844694
282.0,1730,2649,0,718,25.9361839190276,73.25350039191792
306.0,1778,3681,13,887,25.4646385237606,74.36352975375799
397.0,2364,42,0,704,23.3332720258736,60.29130904467916
290.0,1232,17169,22,210,,62.39205650341283
173.0,3631,9447,46,483,25.5159697439691,70.11806243305406
569.0,1472,1057,44,676,,70.93010376860225
362.0,1550,11844,59,996,,66.74296646555092
607.0,1432,6624,18,1222,26.1194297623229,80.42018749243768
58.0,1867,15003,0,793,,82.54012165976027
293.0,698,11820,0,879,26.0886223215059,71.94421322876532
573.0,2114,15774,14,700,25.2041724478042,71.36199825734548
228.0,1317,5034,10,1134,25.6831712608972,72.5940715228942
220.0,3271,9240,0,777,,80.5900534236826
681.0,1999,10837,38,1222,,59.37717466945024
173.0,1607,1748,6,676,,69.03292625888503
417.0,2554,634,5,636,26.3001879231295,63.69670283978249
64.0,3680,8145,5,100,,59.37717466945024
414.0,2746,7776,39,1104,,79.25695178320767
750.0,1838,8843,71,655,25.8592633005373,68.45632201661721
264.0,1900,9515,62,676,,62.90088794994625
436.0,637,8369,19,687,,69.2892176186581
573.0,4404,1052,1,843,22.6499996185303,68.57772250052082
476.0,2174,10229,2,910,,66.75610712954693
366.0,4671,16124,1,1222,,69.07428673982822
447.0,1416,5441,37,1023,26.1375363110521,68.11144765284413
58.0,776,2595,11,802,,68.30064489359067
406.0,403,5244,24,2,22.6499996185303,64.33809045102926
297.0,2069,3548,1,941,26.2015800728177,69.25904442691107
268.0,1290,10145,14,988,24.9542932097227,74.64288014942791
389.0,4622,2098,2,840,,78.79475131904566
268.0,1588,7392,0,1222,,66.45976079459075
326.0,513,8688,38,982,,67.68496801847678
189.0,820,16032,0,369,,63.95042179274847
329.0,2068,5872,0,989,25.2887477528571,59.37717466945024
372.0,793,6527,0,1222,24.1635576396102,59.37717466945024
513.0,1515,42,0,817,,59.37717466945024
371.0,2069,8260,45,869,,78.26166347696102
352.0,1635,19919,0,1222,,61.04452002759743
594.0,3620,13161,26,483,,71.43350426053337
58.0,3799,7915,13,978,25.799295958044,74.26943462275202
213.0,1950,42,12,1222,25.7469308773861,64.3472816672874
430.0,2509,8104,0,991,25.7173886382961,59.37717466945024
96.0,1951,6575,22,834,,68.07656548823488
454.0,1516,7125,26,1060,25.8042104965043,80.75696607304062
313.0,4603,3785,3,441,22.6499996185303,59.37717466945024
484.0,1542,20976,0,692,,73.15420192839585
324.0,1382,9792,20,733,,69.00386258868886
319.0,2646,42,32,701,,82.77957256073627
454.0,1516,7125,26,1060,25.8042104965043,80.75696607304062
345.0,1734,5623,7,619,,59.37717466945024
81.0,3637,9650,10,592,,67.34816207683726
587.0,3745,14633,6,765,22.6499996185303,59.37717466945024
448.0,1841,2252,0,738,,75.4359361117658
310.0,2384,2995,32,1222,26.1311590576026,64.62687263444442
249.0,2766,42,34,539,,72.88327610112668
297.0,2454,9480,0,790,,59.37717466945024
184.0,2379,5970,27,801,26.6522047295535,63.37009068095164
305.0,3928,13272,32,170,22.6499996185303,72.49907610854966
198.0,2368,255,29,683,,69.50909345181005
470.0,2874,12041,58,481,,59.37717466945024
418.0,2474,6592,0,899,23.4783011633057,59.37717466945024
486.0,1625,1086,0,676,,67.124624512594
313.0,1653,4876,5,596,,59.37717466945024
444.0,2014,13186,21,867,24.6776152135147,75.48471321048554
96.0,1951,6575,22,834,,68.07656548823488
351.0,1805,7762,18,712,25.0757172595094,77.61916229791132
316.0,1615,4592,66,950,25.9688871637041,70.54318187905832
273.0,1168,9515,62,1222,25.4557070622561,73.31932337468515
58.0,1583,5141,59,832,,74.83740343906285
290.0,1606,3659,38,128,25.5031501181131,82.92467945050808
270.0,2892,945,42,1015,,63.355730756001485
71.0,1476,2798,9,181,26.2863346736928,65.08862086378291
391.0,2457,7286,56,1222,26.156115419772,67.34569062058775
398.0,2093,442,37,1108,,64.73399325144115
313.0,4603,3785,3,441,22.6499996185303,59.37717466945024
265.0,2839,42,0,430,24.3345897001,65.46641831289989
502.0,1555,338,0,1222,,59.37717466945024
197.0,2146,13223,5,1076,25.0251292082562,70.43013870404015
386.0,403,5321,0,933,25.7631193564957,79.24586643621322
344.0,1346,8120,3,676,,69.398746363802
226.0,1156,9878,3,820,25.6793996506586,59.37717466945024
58.0,1770,11542,44,760,,66.06608715191938
390.0,1000,9902,14,869,,63.23971151034828
58.0,403,3004,40,330,23.4598719308323,68.31947361403613
573.0,4404,1052,1,843,22.6499996185303,68.57772250052082
362.0,1550,11844,59,996,,66.74296646555092
58.0,2046,156,0,450,25.9012834333956,73.61794782077226
210.0,1539,5559,0,1111,26.4282018241973,77.02540976072565
443.0,3193,12271,0,1222,25.4234505364721,80.64000303490062
115.0,1862,42,10,589,26.4943095476787,69.17182357353293
315.0,1796,7234,12,918,26.3616622934747,79.68273154067514
248.0,1634,42,0,826,22.6499996185303,83.4865362321838
219.0,1523,13167,22,573,,66.50461877113885
243.0,1043,2764,6,1095,25.9155886299572,59.37717466945024
58.0,1414,8947,0,202,25.532853232152,76.14374087200156
287.0,1456,3075,60,1219,,67.25252999221821
220.0,3271,9240,0,777,,80.5900534236826
372.0,403,8281,57,742,25.5782300173269,84.22585380322494
411.0,709,1072,0,1174,,69.27835271714763
450.0,403,17985,62,800,25.1654089087248,74.96352413722337
429.0,3135,8427,12,24,,80.97954310704745
67.0,566,3962,33,464,,75.65377310927035
510.0,1615,8956,5,1222,,74.85558484787676
322.0,2234,12125,19,610,22.6499996185303,70.43597291891913
188.0,876,13353,65,542,24.9295005654807,69.85272927775827
216.0,2236,5807,0,1026,23.457550830274,66.61332192863438
197.0,403,1153,21,293,33.1998050830231,87.3553333993379
609.0,1497,17525,44,1214,,67.65847007139793
248.0,2952,2494,23,815,,64.82621986307844
259.0,1261,2934,12,956,,62.944953523857734
417.0,3864,3772,12,931,,64.38576799473392
250.0,2180,15253,56,1064,,73.77037931265652
184.0,2379,5970,27,801,26.6522047295535,63.37009068095164
447.0,2057,3272,5,1222,,72.1838353993069
277.0,4236,42,7,116,,67.9160414436054
366.0,4671,16124,1,1222,,69.07428673982822
245.0,2198,42,17,804,25.4679601674272,69.03001973966867
235.0,884,8396,28,1222,25.1018161888065,69.9793403698823
324.0,2008,3646,61,1160,,83.79754308410118
425.0,1694,7215,1,509,,76.98177443218967
155.0,2260,12789,0,306,25.1315898534679,77.14310720591988
526.0,2308,6726,0,1014,25.1579695205361,64.91345391641528
130.0,825,9364,26,994,,84.86031783105561
58.0,1381,4673,19,978,,77.08303026217547
388.0,1555,13258,0,789,28.8615907277592,75.60355613600007
175.0,557,12845,6,795,,64.29184127373097
291.0,1523,11525,0,756,26.5605069038136,65.87544375891753
314.0,1615,2407,66,815,,60.31578472203623
58.0,3799,7915,13,978,25.799295958044,74.26943462275202
714.0,1217,9106,36,458,,59.37717466945024
259.0,1952,9300,21,377,25.2081122158991,61.60785868863806
202.0,4104,3923,26,893,25.227772485445,72.08543290573142
58.0,1979,4081,8,1000,,59.37717466945024
383.0,1732,6109,0,1076,,61.174415195773726
641.0,2769,2999,50,926,,87.54356838612122
245.0,989,42,31,258,,68.15127302066969
388.0,1897,7150,0,929,,59.37717466945024
150.0,3272,9507,14,445,,71.30715446097594
424.0,2423,957,32,662,22.9919348978778,65.91273057617803
558.0,1645,5055,36,1222,,59.37717466945024
58.0,2046,156,0,450,25.9012834333956,73.61794782077226
292.0,3039,16534,59,870,,74.22637834846155
463.0,2060,13699,18,828,,69.80764039415347
331.0,1762,8393,0,814,,71.04138794467197
58.0,2200,4262,63,344,22.6499996185303,62.456662184525975
483.0,2780,42,124,842,,59.37717466945024
58.0,1843,12254,0,1066,26.6556532879222,70.29029855072498
510.0,1615,8956,5,1222,,74.85558484787676
58.0,3799,7915,13,978,25.799295958044,74.26943462275202
417.0,3864,3772,12,931,,64.38576799473392
58.0,1021,7125,2,418,26.0799482872521,66.5426695218213
182.0,403,3978,62,157,,59.517578290795655
674.0,1771,8093,17,1222,25.3623894202633,59.37717466945024
450.0,1563,42,2,812,,72.259835413999
403.0,1896,3198,23,482,,79.77340848237323
311.0,2586,1051,37,1123,,66.33163721883525
681.0,1999,10837,38,1222,,59.37717466945024
366.0,3870,7483,21,462,25.8220517887264,80.2235610862018
452.0,2039,3606,0,998,25.7814248849681,72.01046955738877
516.0,1475,6316,1,915,,62.00671126014433
58.0,1770,11542,44,760,,66.06608715191938
330.0,2078,10940,0,819,,59.37717466945024
527.0,2093,819,41,1084,,59.98862348482173
340.0,3376,10421,0,46,25.4723159970362,59.37717466945024
294.0,2188,42,45,667,,73.35825709933316
215.0,1564,2008,0,828,22.6499996185303,72.95980439429448
477.0,403,1447,40,506,25.975407827365,74.14660356306763
277.0,4298,6767,0,1167,26.386648280599,82.72504069937843
557.0,1605,42,83,1062,26.1600798134518,66.36720821968784
366.0,1108,2384,49,1222,,60.377951579995326
464.0,2256,7070,22,661,26.0832718054244,64.20777406855588
335.0,1611,375,42,924,22.6499996185303,74.26847014621222
289.0,2724,1727,49,769,,68.54030769739481
486.0,1575,42,20,498,24.0744263615929,68.09117312473111
324.0,1550,42,79,705,25.6932293628777,63.84027056811755
355.0,1725,42,21,613,,66.40681329434103
171.0,1287,6552,78,826,29.2583396894142,65.53372108736976
432.0,403,145,15,1191,25.7251305722914,86.18114345904239
404.0,1968,10812,9,961,25.5364345510058,75.89889300655823
511.0,2551,18632,10,642,,63.73332189561575
276.0,1432,42,71,424,25.6437305741765,77.201621413536
453.0,3553,3889,0,407,,64.02170335187614
775.0,1636,9776,19,1194,,59.37717466945024
293.0,4884,11507,3,653,,83.22479345282007
101.0,3367,6063,8,1222,,67.47684103191892
435.0,3705,2328,47,1003,,59.37717466945024
228.0,1317,5034,10,1134,25.6831712608972,72.5940715228942
444.0,2014,13186,21,867,24.6776152135147,75.48471321048554
355.0,1732,11501,15,724,,59.37717466945024
365.0,2163,42,0,952,,74.86488970501239
146.0,1801,1956,0,600,25.4436349312308,59.37717466945024
58.0,1839,13927,6,692,,59.37717466945024
316.0,1763,15661,2,1007,,68.91940265074638
272.0,705,4955,40,1180,27.1827690051099,74.3593790060926
112.0,2276,972,23,573,,84.03197665499253
757.0,2626,12400,0,1222,23.3081075984376,66.69162768978046
418.0,1605,3681,0,893,,70.79959215024284
435.0,1693,6794,60,805,24.3121417564738,72.82824989950198
130.0,1484,5946,50,696,,81.23745652517961
157.0,4398,9379,6,534,,72.68228822644062
120.0,743,42,40,474,25.5380023584632,67.68033451244646
427.0,1929,13871,32,335,25.6293576547136,72.58501659830434
323.0,1704,3927,0,774,,62.650201129832205
443.0,3623,9284,21,972,27.0616633320168,62.08467123931609
333.0,1765,11515,20,868,,70.40335856330414
539.0,403,96,1,775,26.0942022084837,65.53514297102744
58.0,2085,10589,20,813,22.6499996185303,75.91026388504329
450.0,403,17985,62,800,25.1654089087248,74.96352413722337
463.0,2060,13699,18,828,,69.80764039415347
526.0,1923,5222,0,1185,,59.37717466945024
262.0,680,5691,0,851,,69.86976257538296
174.0,2042,2654,5,759,,66.45810545187706
573.0,4404,1052,1,843,22.6499996185303,68.57772250052082
337.0,3157,42,59,817,,79.28522474473088
487.0,1574,6249,20,761,,64.98625892611115
93.0,1920,42,0,818,26.7424628078695,80.12159183034127
500.0,2058,8116,0,855,26.0615101424598,60.482704042259606
89.0,3521,3628,44,813,,71.15315251740336
499.0,3380,471,31,996,25.7738161979355,66.40870510031425
129.0,1518,6135,41,852,,65.97693232879506
300.0,1181,6500,91,865,22.6499996185303,59.37717466945024
83.0,2905,4836,0,1222,,68.07016300567287
58.0,2096,8746,44,1197,,82.02871073694938
58.0,1535,7138,41,919,,64.67126613016836
344.0,1346,8120,3,676,,69.398746363802
429.0,3018,3153,12,1218,,64.96891669208833
394.0,1064,12024,8,753,,64.83540904571294
155.0,2636,4630,0,179,,61.75056924460754
289.0,1550,10797,105,1222,26.4037117664486,66.74028359470543
313.0,1545,10676,41,476,,59.37717466945024
243.0,1856,42,71,1068,,72.71646954155717
262.0,2067,9432,51,113,,76.76706474854997
478.0,1449,3722,0,816,26.3612538028283,69.59249502654643
509.0,811,3557,22,808,,73.2330227607256
345.0,3508,2727,17,693,,71.78175163289771
477.0,2367,5442,9,812,,64.88975662076416
216.0,2236,5807,0,1026,23.457550830274,66.61332192863438
308.0,1604,5004,54,732,,60.385215175242735
472.0,2644,14409,210,996,26.0831483621783,75.03031926779813
339.0,2273,42,4,716,,71.98158893092071
83.0,2905,4836,0,1222,,68.07016300567287
415.0,1452,12694,46,1080,36.4427657901797,66.95252254009681
380.0,961,13371,21,783,25.6964070296406,85.25629148814672
402.0,1240,9395,0,1008,,59.37717466945024
115.0,1582,18142,0,1222,25.5140076717552,62.35163975872307
691.0,403,42,16,1100,,62.954005182693365
262.0,680,5691,0,851,,69.86976257538296
354.0,1081,15931,0,1089,25.4798256917276,64.4134900980343
58.0,1768,653,56,780,25.9061189584136,62.83521105757909
399.0,1337,5062,14,395,,61.64009467381736
434.0,1631,8889,63,974,,72.0149294063529
58.0,782,42,27,892,26.8526775782784,63.36296791414153
58.0,782,2397,95,598,,81.52538263266875
216.0,2236,5807,0,1026,23.457550830274,66.61332192863438
327.0,4030,7485,0,983,,59.37717466945024
468.0,2027,15473,0,416,,78.12330831759807
375.0,1861,1871,68,466,,77.30309889422686
389.0,2469,1845,3,1201,,63.448492464859875
360.0,2281,5669,66,708,,94.24939541523283
226.0,1929,8309,31,863,25.5060612467399,68.81735090423093
163.0,403,22770,33,923,25.701447778038,74.4389583437244
300.0,1324,6294,9,421,25.6882452909608,67.61199020491762
336.0,2613,2114,49,822,32.4431044892407,68.93047471467148
310.0,1840,13141,7,972,25.771521715926,72.38374723462867
775.0,1007,42,38,1051,25.3677879669157,73.99213735717389
413.0,1259,605,14,1222,,61.492650858818465
407.0,1398,6990,66,1113,24.4476204500498,72.10713346879152
516.0,1475,6316,1,915,,62.00671126014433
306.0,403,2340,14,661,,62.25499789595356
135.0,1602,15581,23,492,,67.68529108877219
475.0,2583,6441,10,739,26.3589004237628,59.37717466945024
163.0,2001,10044,5,715,25.8225702178105,76.97713015931545
389.0,1165,648,15,848,25.3645761640673,74.97350436718528
300.0,1324,6294,9,421,25.6882452909608,67.61199020491762
58.0,1840,7628,0,1123,,66.96932299954413
58.0,579,17077,8,1001,26.2167468152009,76.09897821614071
210.0,3675,1303,10,1053,25.3462800359693,77.1490379736876
249.0,1290,3204,0,876,25.5076646255928,72.80761494234928
222.0,2650,6198,0,370,25.4912273884061,71.89397334060031
528.0,1370,42,0,1138,25.8420746982368,74.66310153398909
328.0,2255,8099,26,520,37.9575407183255,59.37717466945024
430.0,2509,8104,0,991,25.7173886382961,59.37717466945024
99.0,932,42,3,1101,26.1734617031536,68.09590162732795
261.0,403,8459,12,1216,,64.35287311549423
432.0,1573,9913,13,1222,25.6392168397429,72.84848496458144
215.0,1257,3117,5,1006,,66.70260577953833
262.0,1346,9380,0,721,,69.88167707121043
319.0,2081,42,4,857,25.8734643546075,59.37717466945024
219.0,4510,9985,64,796,,76.65644328835687
577.0,1069,4593,2,1222,26.0018227494012,78.31864375646333
415.0,1452,12694,46,1080,36.4427657901797,66.95252254009681
407.0,486,1549,0,889,,66.83790401175173
385.0,4879,42,0,1187,,61.777557972381615
354.0,3054,248,0,610,22.6499996185303,84.15109924187145
341.0,1745,3223,36,1112,23.8887496556837,59.37717466945024
277.0,1675,16115,17,990,,65.52740694016074
288.0,1423,2226,12,1222,,59.37717466945024
58.0,2618,14848,0,790,,66.7904810523069
307.0,2903,15849,36,2,22.6499996185303,62.383845239547725
495.0,2046,42,9,1180,26.6901869225232,68.78032081505535
328.0,1159,1415,65,719,25.8381045372267,61.96966880548445
614.0,1693,7226,17,1142,,83.46477342153243
393.0,2382,8765,14,492,23.0024181082179,72.06619820101054
469.0,1660,6395,86,827,,59.37717466945024
486.0,1625,1086,0,676,,67.124624512594
303.0,403,9858,22,973,22.6499996185303,69.94704116684099
603.0,2199,4645,56,1222,25.1965393912401,69.5498636496608
363.0,2378,4544,1,865,22.6499996185303,67.61210643921896
585.0,1527,512,22,241,,59.37717466945024
466.0,403,7286,23,737,,71.42208361987038
105.0,426,1081,4,645,,62.68289976439032
58.0,403,8287,0,1014,,74.46213998197507
421.0,2680,5496,0,753,26.3349203766228,59.37717466945024
409.0,3518,16151,16,207,,75.9854862148877
259.0,2722,13432,9,496,26.0264173921412,59.63704351171217
384.0,2548,11162,5,956,,70.75310311820793
318.0,3299,9979,0,440,,71.43086230322545
58.0,2156,10139,1,1222,26.4527465444381,71.09963432983378
409.0,3518,16151,16,207,,75.9854862148877
374.0,403,15051,41,669,26.6515141146365,59.37717466945024
334.0,1794,4961,5,1008,25.0928757893348,65.89039656541382
323.0,2868,7937,46,1222,25.1216986887446,71.51103329747615
306.0,403,2340,14,661,,62.25499789595356
247.0,403,10253,51,938,,69.97108312975651
498.0,2532,3980,27,815,25.3033547425226,65.91653898352779
58.0,1423,3286,2,1222,26.4826616765242,81.15088620540959
753.0,403,6037,19,924,,76.74495808333299
457.0,621,1814,11,546,,59.37717466945024
420.0,3188,9911,49,160,26.322075979121,70.7643979645817
249.0,1290,3204,0,876,25.5076646255928,72.80761494234928
58.0,1769,3109,64,1099,25.5787621171198,85.49953057725595
292.0,1984,8346,17,547,,64.26871515986409
398.0,1092,9056,46,951,22.6499996185303,59.37717466945024
314.0,3190,7648,10,707,,86.34321971632454
399.0,4131,4257,22,941,,75.37798701479002
489.0,403,5683,86,632,26.6813593063996,78.58744357857209
556.0,2103,15983,0,673,25.9780211094913,61.90645920700233
120.0,743,42,40,474,25.5380023584632,67.68033451244646
303.0,403,13933,95,853,25.8073981314923,76.23006757331117
189.0,820,16032,0,369,,63.95042179274847
324.0,984,2724,56,672,,68.51621209528727
474.0,1970,680,30,790,25.101756298082,71.46527248995355
614.0,2544,5688,6,427,,70.77371913310454
307.0,1160,112,0,681,22.6499996185303,74.08361477362152
292.0,3039,16534,59,870,,74.22637834846155
58.0,1867,15003,0,793,,82.54012165976027
135.0,1296,1143,40,1165,,67.81363855477795
413.0,2371,14618,0,1222,25.13135004645,59.37717466945024
439.0,1158,6254,33,478,,74.43751399669672
58.0,1470,8116,0,1222,,59.37717466945024
278.0,1745,8571,15,440,25.7873986167962,79.17395768575196
178.0,2065,6290,36,892,25.3020712419823,71.48615147201595
318.0,1930,3923,40,1180,,60.479243323224885
528.0,2305,14578,38,1222,26.5950457091538,59.714512370774116
322.0,2234,12125,19,610,22.6499996185303,70.43597291891913
225.0,2008,3108,0,943,,71.46833271666135
360.0,2149,2155,41,1222,25.6335496392495,68.13291449074393
325.0,1012,4193,43,1222,25.95451153858,71.49024627610086
500.0,1702,6160,81,882,25.9525299367821,77.42228659511112
365.0,1681,3880,21,526,,70.21444007677985
309.0,1903,14076,5,987,25.6009621683886,78.915974516708
58.0,2513,9446,123,1222,26.0288786486615,74.1790074491704
291.0,2142,42,14,1222,26.2424561547247,67.88860989972903
221.0,716,3993,28,672,,68.42783307038266
369.0,705,2622,24,753,25.2487615804411,89.47253619856554
441.0,780,4641,36,469,,71.42862343378911
383.0,3598,2394,0,36,23.4874138218336,75.51849821774701
90.0,2011,3805,0,534,22.6499996185303,72.52789501104719
410.0,1927,42,49,966,26.7525158838549,71.61020988613346
368.0,2260,6449,49,1055,,59.37717466945024
309.0,1515,14502,43,8,,76.3724033688676
58.0,2006,6074,48,412,,70.83906728578273
112.0,1711,5143,48,1217,25.8311008621962,65.29009542263438
682.0,1826,42,0,679,,69.36341228010384
170.0,1218,2430,19,558,,72.69195878833676
266.0,1828,3234,39,429,,59.37717466945024
58.0,1768,653,56,780,25.9061189584136,62.83521105757909
511.0,2336,1780,51,419,,66.62317381837359
58.0,2431,5595,51,1222,,77.49087453129974
203.0,2364,4674,19,571,22.6760832991516,80.02529798353558
407.0,1838,42,3,856,,65.88984671772764
196.0,1913,8709,7,892,,78.42709159276887
589.0,2235,9199,0,1003,22.7033176499669,61.89053339184695
492.0,3260,6079,0,634,25.9807235970615,73.32661276490224
268.0,1517,8456,13,1202,,77.89183999904714
154.0,1922,5342,34,244,,65.77357199810426
414.0,1647,5810,0,787,26.0348798050426,70.98136677534829
260.0,2724,4896,4,965,25.5517756902862,65.5443854097544
458.0,1897,10728,0,157,,79.98897298464826
58.0,1983,9419,2,982,26.8812745448124,59.37717466945024
331.0,3683,14888,0,985,24.6244344381429,59.37717466945024
452.0,2317,11832,0,1135,,72.49560599246678
58.0,2513,9446,123,1222,26.0288786486615,74.1790074491704
360.0,1119,42,49,2,25.8764986823605,71.86673045635956
171.0,1287,6552,78,826,29.2583396894142,65.53372108736976
192.0,1819,9508,17,412,,59.37717466945024
494.0,2914,15399,2,855,25.8644926671147,69.74886573051597
314.0,2147,7771,0,526,25.4803369599641,73.75674404530676
188.0,2566,7401,0,1135,,59.819186030122225
401.0,403,6489,6,634,,64.71723771783937
130.0,1288,1184,7,510,22.6499996185303,71.9580316045907
58.0,1001,10305,1,649,,74.32318457249191
587.0,1503,9998,0,729,23.6404789963004,65.98961294582612
433.0,1867,1254,28,1147,26.7399370528674,68.7611196814547
467.0,1631,42,70,1037,24.3227038912568,77.18050500737407
67.0,566,3962,33,464,,75.65377310927035
289.0,1361,756,55,1011,,65.6005919710184
229.0,1598,12982,1,635,22.6499996185303,66.4798255942905
503.0,1710,4429,25,1166,,71.36641450814012
385.0,2506,12610,0,437,,59.37717466945024
246.0,2542,390,61,747,,74.71231246299091
157.0,2548,42,0,688,,59.37717466945024
282.0,1730,2649,0,718,25.9361839190276,73.25350039191792
246.0,2542,390,61,747,,74.71231246299091
144.0,1561,6551,0,712,,79.26080141857271
299.0,2093,8512,0,1066,22.6499996185303,62.286991371513416
527.0,645,2365,63,884,25.8803818146616,66.1184252526082
684.0,1204,813,51,1073,,70.03968513608102
58.0,403,16414,31,369,23.5975591385925,80.64224677144442
313.0,1545,10676,41,476,,59.37717466945024
68.0,3339,8021,14,351,25.2330029963011,61.121440316681635
408.0,2704,8145,56,1080,,74.28327930726643
326.0,513,8688,38,982,,67.68496801847678
58.0,1603,6432,13,2,,84.7318567119191
308.0,1604,5004,54,732,,60.385215175242735
341.0,1745,3223,36,1112,23.8887496556837,59.37717466945024
246.0,1703,42,18,788,25.631572431608,70.25087432594054
106.0,1512,42,8,596,,84.77084566288573
288.0,1423,2226,12,1222,,59.37717466945024
273.0,1168,9515,62,1222,25.4557070622561,73.31932337468515
529.0,1355,7204,17,949,,71.62421064680836
264.0,842,42,33,731,25.7906116402436,72.75623196798125
359.0,1195,12711,7,174,25.8048794254456,72.09336835938993
58.0,1839,13927,6,692,,59.37717466945024
414.0,589,13134,7,1053,,60.23128054198082
58.0,1542,9385,22,484,,67.79561710279336
194.0,2245,10549,48,940,,82.67512653911886
58.0,579,17077,8,1001,26.2167468152009,76.09897821614071
245.0,989,42,31,258,,68.15127302066969
310.0,2384,2995,32,1222,26.1311590576026,64.62687263444442
422.0,1802,5514,46,904,,75.50607323510788
775.0,1385,17094,52,721,26.5475560432213,77.07076962382746
63.0,403,7916,63,755,22.9125101533584,76.83904032308135
365.0,2163,42,0,952,,74.86488970501239
371.0,1939,7811,0,776,22.6499996185303,71.62157504234149
293.0,1546,11767,40,646,26.0522570051798,73.36809946280525
523.0,1302,8286,19,986,,68.60021784405077
58.0,1429,11379,43,577,,73.36040663952396
424.0,2214,6522,0,433,26.391961476866,66.83326314803494
438.0,1811,6365,49,656,,59.37717466945024
58.0,2453,7150,15,495,,72.72225903166482
311.0,3285,6276,18,445,25.3518394575705,59.37717466945024
289.0,1361,756,55,1011,,65.6005919710184
120.0,743,42,40,474,25.5380023584632,67.68033451244646
156.0,1400,3415,32,613,25.6093955717203,73.99047357635527
360.0,1119,42,49,2,25.8764986823605,71.86673045635956
424.0,2423,957,32,662,22.9919348978778,65.91273057617803
212.0,1706,7657,0,1024,25.6615024956886,86.81314078418974
418.0,1445,8795,6,1222,22.6499996185303,84.36460319829297
459.0,2143,5740,0,534,24.4895903797543,84.7354183822398
400.0,1811,6887,25,670,22.6499996185303,62.57993943296157
290.0,1232,17169,22,210,,62.39205650341283
480.0,2786,15160,7,520,,69.29263601290076
151.0,870,42,35,1222,,70.70349844860111
291.0,1523,11525,0,756,26.5605069038136,65.87544375891753
310.0,1948,5639,56,1222,25.7644128252612,72.06646023555327
455.0,1486,9249,12,4,,67.14902364436468
469.0,2700,12501,4,1035,,63.73898594257075
58.0,1317,5959,35,576,,62.39018201081976
323.0,1916,42,0,734,,84.73641548155398
266.0,732,8941,52,308,25.4431187805982,59.77588408188875
278.0,2365,14235,14,1222,,67.70589493736493
729.0,1456,4084,0,585,,68.09898575302506
391.0,2267,11665,43,768,,83.98514403147891
393.0,1550,42,36,797,26.6099478957293,59.37717466945024
58.0,2351,5172,13,1059,,68.84636378658807
234.0,3064,42,6,652,,67.9569461933071
58.0,1968,8520,71,1222,25.5214126390519,65.42051485162092
58.0,1550,2574,22,1108,25.5977055288702,77.19343132271361
221.0,1821,1104,25,989,26.172222234339,68.55925085865486
155.0,2692,7465,12,904,28.9460160032254,70.47900762008459
443.0,3193,12271,0,1222,25.4234505364721,80.64000303490062
109.0,3923,6338,0,879,26.1890569202884,59.37717466945024
475.0,2583,6441,10,739,26.3589004237628,59.37717466945024
336.0,403,9817,15,769,,72.2151195876046
225.0,990,5138,0,520,,59.37717466945024
516.0,1475,6316,1,915,,62.00671126014433
432.0,1573,9913,13,1222,25.6392168397429,72.84848496458144
576.0,2450,7994,2,873,24.1498592496662,65.64476176814159
322.0,1425,42,34,550,26.4778781897104,67.91625249038124
58.0,1603,6432,13,2,,84.7318567119191
58.0,961,9883,0,1047,,67.08870262859432
393.0,1550,42,36,797,26.6099478957293,59.37717466945024
270.0,2402,3963,21,931,,80.09957941600274
58.0,1828,279,38,783,26.2532649416222,59.37717466945024
443.0,3623,9284,21,972,27.0616633320168,62.08467123931609
601.0,2370,5905,0,551,25.432528456765,61.695606498404274
502.0,1242,14282,29,1222,26.756114200785,71.9024934358775
621.0,1102,42,20,692,23.606792362821,74.45670986855956
675.0,884,7705,74,1074,,60.23003291387576
279.0,2034,7413,68,987,,59.37717466945024
221.0,716,3993,28,672,,68.42783307038266
428.0,1082,9361,0,1222,25.9033047453478,68.92025162506665
215.0,1257,3117,5,1006,,66.70260577953833
398.0,3328,2130,5,506,22.6499996185303,61.50640120508159
415.0,1426,5794,0,569,,59.37717466945024
470.0,2874,12041,58,481,,59.37717466945024
254.0,1356,15500,14,1045,,71.50510542366422
151.0,1375,3674,0,498,,72.77286484735893
414.0,2746,7776,39,1104,,79.25695178320767
429.0,1642,13160,58,870,25.6153986810598,82.5002697837935
734.0,1311,10775,8,774,,60.950881826948844
305.0,1472,10946,11,1080,,72.62013396259351
332.0,2651,13045,69,887,24.2047119050266,70.78159279755702
333.0,2835,1643,17,812,22.6499996185303,70.83651376442562
305.0,1987,12488,0,2,26.0876282656762,81.9791659506838
406.0,3393,4049,38,1116,,70.46752545584494
558.0,4642,4863,0,780,,70.28874528572473
489.0,403,5683,86,632,26.6813593063996,78.58744357857209
130.0,1288,1184,7,510,22.6499996185303,71.9580316045907
543.0,2533,3353,55,866,,82.79183504069252
587.0,1847,7152,89,812,,67.03590424675656
360.0,3367,7907,36,1222,,83.23865760576436
302.0,745,42,6,1020,,59.37717466945024
496.0,1782,7170,65,754,,76.94333428047618
114.0,4703,42,0,213,25.57330721948,59.37717466945024
313.0,1631,8595,45,570,,68.33670686759199
58.0,2176,42,8,205,,81.60604020612303
407.0,1398,6990,66,1113,24.4476204500498,72.10713346879152
285.0,1287,9380,0,799,26.1020197049424,64.26861729172626
285.0,923,18291,40,831,26.0853592738426,66.95893238909174
625.0,1670,42,21,1222,22.6499996185303,67.05104647581388
462.0,1725,7560,20,799,,67.32653422976061
544.0,492,13921,0,717,22.6499996185303,79.05892513116103
58.0,2471,6511,6,98,,79.6390624465811
385.0,1435,42,82,1011,26.8516239572173,69.48619556986398
379.0,2239,42,50,1222,,79.48817562004434
260.0,887,8310,15,1222,,75.4899112812638
121.0,1562,3461,41,1074,,68.47613764781131
603.0,2199,4645,56,1222,25.1965393912401,69.5498636496608
449.0,1973,42,22,1222,25.8806263006423,84.09366316433173
58.0,1958,13310,16,925,22.9751977772435,59.37717466945024
441.0,578,42,80,985,,64.76624677662437
621.0,1102,42,20,692,23.606792362821,74.45670986855956
410.0,1865,3053,72,350,23.6223011415202,59.81223510450995
352.0,791,13671,164,1222,,83.62110491347829
442.0,1658,2903,5,2,26.8987961214686,70.99964920952806
246.0,2542,390,61,747,,74.71231246299091
58.0,1583,5141,59,832,,74.83740343906285
374.0,2592,4353,27,701,25.1751995774633,62.3485445835382
317.0,1393,10951,23,725,24.9897856248421,78.0984852802389
246.0,2542,390,61,747,,74.71231246299091
380.0,3820,16341,0,867,,78.57957090069544
475.0,2148,2382,41,956,27.9552534158156,72.5296233369409
298.0,1910,13303,24,597,,68.86039915791493
610.0,1247,6604,57,682,,63.83929188673929
694.0,1794,7525,0,1222,25.6308705464936,79.28932799585817
360.0,3367,7907,36,1222,,83.23865760576436
59.0,1040,715,0,790,23.5962345289454,75.42521038983746
298.0,1910,13303,24,597,,68.86039915791493
439.0,1158,6254,33,478,,74.43751399669672
278.0,1745,8571,15,440,25.7873986167962,79.17395768575196
128.0,1678,7256,8,800,,65.64509146937473
544.0,972,42,8,1031,47.5400009155273,77.17570551323458
356.0,2024,42,18,643,25.6265347753948,67.85031913900745
271.0,1449,6678,28,605,25.7453445869193,65.14424987593226
90.0,4900,5053,2,1222,23.7856683008579,59.37717466945024
229.0,1598,12982,1,635,22.6499996185303,66.4798255942905
115.0,1606,7905,30,2,,88.07043934695288
303.0,2667,6914,10,660,,66.44259805821603
365.0,2199,8684,24,946,22.6499996185303,70.59630716318279
58.0,1828,279,38,783,26.2532649416222,59.37717466945024
375.0,1340,42,15,225,25.6682402021959,70.68767814415779
408.0,1230,17204,77,1222,,68.25051222600675
109.0,3923,6338,0,879,26.1890569202884,59.37717466945024
245.0,2198,42,17,804,25.4679601674272,69.03001973966867
58.0,2314,42,59,823,,59.37717466945024
221.0,716,3993,28,672,,68.42783307038266
402.0,3113,8462,0,606,,60.93752956251387
58.0,4900,5477,7,634,25.8807916511208,59.37717466945024
124.0,607,10534,0,571,,69.27923984614168
447.0,2057,3272,5,1222,,72.1838353993069
58.0,2240,8043,69,1222,25.4960282484123,69.76819419817151
425.0,1311,42,25,670,25.3930032639065,74.85612312365427
358.0,1628,13942,0,968,,59.37717466945024
345.0,1734,5623,7,619,,59.37717466945024
615.0,2075,1337,0,390,25.6111778903873,61.736194575885975
58.0,1500,7366,12,1033,25.6791270502141,73.96586181709344
58.0,4900,5477,7,634,25.8807916511208,59.37717466945024
425.0,1799,8669,0,824,,67.95194543769654
452.0,2039,3606,0,998,25.7814248849681,72.01046955738877
272.0,484,7946,9,1222,,69.9932502999455
271.0,2450,9202,1,903,,75.54117639270498
220.0,2646,2045,27,836,,70.48696652468954
58.0,1633,4450,66,1222,25.6551068417091,77.74575350523935
326.0,1429,2628,57,954,25.5068598439822,87.57012963856451
58.0,2711,22076,37,1222,,72.70298896929891
58.0,1826,4773,0,680,26.6701414726179,59.37717466945024
439.0,2032,42,42,825,25.6312770466488,70.8691123348272
403.0,1812,7698,14,916,,59.37717466945024
403.0,1812,7698,14,916,,59.37717466945024
305.0,2267,7056,8,800,,68.1516410155945
226.0,1156,9878,3,820,25.6793996506586,59.37717466945024
302.0,2161,4713,63,586,25.396402550762,72.8551930094517
323.0,1704,3927,0,774,,62.650201129832205
58.0,1288,2610,10,443,22.6499996185303,71.26662968003014
58.0,1549,4170,18,759,26.8524305697264,68.56515362331344
400.0,2164,12331,11,695,25.2902882301746,75.45461659641057
361.0,1662,3693,0,559,,67.61010605261224
621.0,1102,42,20,692,23.606792362821,74.45670986855956
601.0,2370,5905,0,551,25.432528456765,61.695606498404274
365.0,1613,42,63,973,,74.42069590414829
422.0,1802,5514,46,904,,75.50607323510788
348.0,841,10356,26,978,,70.062332121027
307.0,2231,3106,18,1222,,59.37717466945024
500.0,1702,6160,81,882,25.9525299367821,77.42228659511112
305.0,1741,42,45,456,22.6499996185303,59.88938163422446
316.0,2116,10263,59,467,23.8087903977489,68.07566467872253
308.0,1604,5004,54,732,,60.385215175242735
195.0,4900,1784,43,1065,,71.97549373384656
266.0,1828,3234,39,429,,59.37717466945024
101.0,1268,5766,29,809,,84.95991305658991
345.0,1300,10052,9,784,23.3520358653177,59.37717466945024
300.0,1351,5091,2,768,,70.36811228643872
375.0,1861,1871,68,466,,77.30309889422686
766.0,1533,2591,23,770,25.6279948966112,67.14920629927478
296.0,1977,1976,58,940,25.2710170875914,77.52562909876721
385.0,874,7972,46,676,,72.0419484299853
454.0,1893,14696,46,677,,82.83886313776563
58.0,2308,10364,60,644,25.6499689743176,78.71114111492965
339.0,2294,5468,2,978,25.8468153420255,67.12798822270442
360.0,3367,7907,36,1222,,83.23865760576436
557.0,1450,6858,53,875,,75.47194323591793
326.0,2061,2969,8,1222,,76.45837832300491
253.0,403,10757,0,703,,64.17631823224669
313.0,3988,6869,44,763,,81.3160705712136
414.0,2746,7776,39,1104,,79.25695178320767
251.0,2197,7872,0,763,,59.37717466945024
397.0,839,4759,21,1222,,65.76113232227915
337.0,1855,42,39,675,25.5780053050501,77.56115950947415
306.0,2233,8598,20,557,,65.95689440780257
332.0,584,10232,4,629,25.871241481073,68.7837241070681
207.0,4038,6852,10,867,26.1407840707128,75.87720464949682
423.0,403,7782,22,480,,80.94364529549823
503.0,438,11558,3,802,25.4409912765326,61.79170436684924
432.0,2272,1792,0,473,,59.37717466945024
441.0,1710,3729,27,1222,,68.04680088981544
191.0,2731,8627,9,1222,22.6499996185303,71.53856761301209
313.0,3149,5288,0,1222,25.8057709916455,59.37717466945024
729.0,1456,4084,0,585,,68.09898575302506
308.0,1963,42,60,1222,,73.4931278241973
405.0,1424,42,77,702,25.6720144977524,65.55217291729286
297.0,1236,7839,16,819,,75.44795333878407
268.0,1517,8456,13,1202,,77.89183999904714
457.0,1684,42,5,931,,63.6214103670096
109.0,4629,2644,60,1222,26.1458795629756,69.794018807322
319.0,2081,42,4,857,25.8734643546075,59.37717466945024
447.0,2057,3272,5,1222,,72.1838353993069
537.0,1271,42,0,544,25.2656222841093,63.473988512879885
433.0,4201,8062,0,712,,59.37717466945024
355.0,2239,9356,0,751,25.321098102018,59.37717466945024
382.0,1368,3197,0,427,22.6499996185303,72.0361121104112
337.0,2489,9093,11,914,,72.71946767975888
509.0,736,6209,28,1222,,75.7385357590172
247.0,1374,16165,19,1027,,65.81613319892573
716.0,3890,3647,0,781,23.2847091961766,60.409710680430315
427.0,3478,5748,0,705,,70.17457925585882
449.0,1973,42,22,1222,25.8806263006423,84.09366316433173
243.0,1043,2764,6,1095,25.9155886299572,59.37717466945024
750.0,1615,5560,14,861,,70.11464975837792
615.0,2075,1337,0,390,25.6111778903873,61.736194575885975
363.0,2378,4544,1,865,22.6499996185303,67.61210643921896
327.0,403,3323,6,936,,73.54698486768157
219.0,2020,7915,0,847,,84.77532971584377
476.0,1702,7713,26,834,25.589306709177,75.60097130730301
501.0,1857,5952,0,809,,72.76904587805953
249.0,1290,3204,0,876,25.5076646255928,72.80761494234928
251.0,1872,42,22,1186,22.7034091978521,64.08722721406417
537.0,4186,3370,0,1222,,61.58123092906064
323.0,1913,5240,34,655,,62.134592124102085
296.0,2960,5045,0,889,,67.36231136307244
435.0,1693,6794,60,805,24.3121417564738,72.82824989950198
354.0,3054,248,0,610,22.6499996185303,84.15109924187145
207.0,1893,8669,9,781,26.1201824345276,72.19868034017819
526.0,2308,6726,0,1014,25.1579695205361,64.91345391641528
415.0,1426,5794,0,569,,59.37717466945024
374.0,2592,4353,27,701,25.1751995774633,62.3485445835382
264.0,4014,10431,14,1222,26.6046376201509,79.76149460898954
441.0,780,4641,36,469,,71.42862343378911
171.0,2859,5269,11,1102,25.9171138294438,71.11600885788519
429.0,932,11198,37,922,25.6601993399508,59.37717466945024
448.0,2856,7014,40,1160,,82.40800126506677
385.0,1602,3575,2,827,,75.37361451067346
366.0,3870,7483,21,462,25.8220517887264,80.2235610862018
370.0,1726,7935,0,1058,25.3622030754819,75.02819352572463
58.0,1549,4170,18,759,26.8524305697264,68.56515362331344
398.0,1056,42,2,559,24.13938162492,70.49180100938543
426.0,1146,5991,22,753,,68.5337021117535
211.0,2490,42,59,804,26.877489467298,89.10545488629597
462.0,3644,11114,5,942,,59.37717466945024
58.0,403,2544,6,1161,22.6499996185303,61.89467740842577
461.0,4348,3887,12,1222,22.6499996185303,68.44879344878252
326.0,2061,2969,8,1222,,76.45837832300491
523.0,2090,10921,0,700,,65.64369367430709
197.0,2146,13223,5,1076,25.0251292082562,70.43013870404015
394.0,3520,1979,0,773,,59.37717466945024
503.0,438,11558,3,802,25.4409912765326,61.79170436684924
370.0,586,1866,18,2,,64.45159334162705
318.0,2238,5289,39,1222,,78.96578946032406
408.0,1230,17204,77,1222,,68.25051222600675
707.0,1979,7997,3,1218,,59.37717466945024
58.0,1461,2738,20,1220,25.6799248744104,68.48487078792853
58.0,1783,11717,27,1078,25.1653527611705,79.40351412720679
407.0,2381,7520,0,967,,59.37717466945024
58.0,1414,8947,0,202,25.532853232152,76.14374087200156
495.0,1633,42,41,426,,59.37717466945024
58.0,1414,8947,0,202,25.532853232152,76.14374087200156
527.0,645,2365,63,884,25.8803818146616,66.1184252526082
120.0,743,42,40,474,25.5380023584632,67.68033451244646
363.0,2262,9972,16,1222,25.1491336857126,70.34367888076405
564.0,657,1749,20,1067,,64.16321639781903
348.0,841,10356,26,978,,70.062332121027
513.0,1515,42,0,817,,59.37717466945024
527.0,2157,10277,5,155,,70.97893743100339
58.0,971,13697,62,1222,,81.22698600548571
106.0,1512,42,8,596,,84.77084566288573
285.0,923,18291,40,831,26.0853592738426,66.95893238909174
354.0,2236,6450,13,1222,,59.37717466945024
343.0,1421,7094,4,467,25.1568004308092,104.87147199305254
514.0,1743,15112,0,606,25.2957196516268,59.37717466945024
249.0,1424,6412,30,1032,,73.62692697633773
272.0,3086,4933,10,1222,,81.66574501346113
486.0,1737,656,51,1222,22.6499996185303,59.37717466945024
517.0,2107,7220,9,994,,59.70039174421378
218.0,2209,1293,0,755,,71.57666084843183
345.0,1137,8477,28,811,,66.54524294544022
215.0,4184,2093,86,1222,26.1570555556406,71.46190406891283
379.0,2239,42,50,1222,,79.48817562004434
401.0,1413,7729,33,893,,69.08708328617175
581.0,1237,3516,11,696,26.3934572090583,70.11927447274539
325.0,403,6748,6,521,26.4627884734818,77.97353240265926
309.0,1903,14076,5,987,25.6009621683886,78.915974516708
366.0,3540,6471,53,772,25.3175891239985,72.5450898073559
58.0,3669,1934,0,611,23.0157303381225,75.40298737271324
304.0,1653,9869,10,616,,67.37131688022512
366.0,3540,6471,53,772,25.3175891239985,72.5450898073559
268.0,3419,17340,57,1051,22.6499996185303,77.48733824886395
404.0,2109,42,4,767,,75.00354810607728
392.0,403,8809,32,1221,29.4686252143288,75.35925733289676
269.0,784,7637,7,677,25.524766682371,59.37717466945024
573.0,1466,13624,76,1222,,75.35136604162263
406.0,2026,11285,13,891,,59.37717466945024
450.0,403,17985,62,800,25.1654089087248,74.96352413722337
441.0,578,42,80,985,,64.76624677662437
411.0,2076,1446,0,612,,62.36217545441229
502.0,1555,338,0,1222,,59.37717466945024
365.0,2163,42,0,952,,74.86488970501239
415.0,1364,13704,85,819,26.4389407152728,72.44849115908879
219.0,2334,1861,0,554,25.3010944372852,74.2537302242076
492.0,3260,6079,0,634,25.9807235970615,73.32661276490224
450.0,403,42,8,692,26.1877618088001,66.51078293860418
305.0,509,2891,59,1067,25.467681870854,66.76025530409885
261.0,403,8459,12,1216,,64.35287311549423
630.0,1682,14369,43,1205,,71.34495127920249
58.0,2160,42,85,910,26.2746736556699,66.89401753473406
338.0,3267,12007,20,965,26.123112004371,85.92406757802544
425.0,1799,8669,0,824,,67.95194543769654
434.0,1003,10983,24,2,,69.21702084893654
119.0,489,14367,5,819,,64.0772873701024
495.0,403,118,13,455,25.9487317389187,62.31917092363662
432.0,2272,1792,0,473,,59.37717466945024
351.0,1805,7762,18,712,25.0757172595094,77.61916229791132
495.0,403,118,13,455,25.9487317389187,62.31917092363662
417.0,2554,634,5,636,26.3001879231295,63.69670283978249
246.0,1704,1611,60,755,,67.80250400795319
528.0,788,10557,0,805,,71.52493323023754
439.0,2032,42,42,825,25.6312770466488,70.8691123348272
411.0,1641,3799,0,819,,69.40030506661846
112.0,2276,972,23,573,,84.03197665499253
453.0,3553,3889,0,407,,64.02170335187614
530.0,1779,105,0,751,,65.20498302922294
393.0,403,7425,0,748,22.6499996185303,67.31545997897281
58.0,1021,7125,2,418,26.0799482872521,66.5426695218213
381.0,1500,1545,28,395,,72.08499262621268
370.0,1213,5312,42,759,,74.12946082129658
356.0,1927,9420,46,1061,26.1979167119104,71.04610193557212
300.0,4260,5523,0,454,28.5686896162578,79.02253529652126
489.0,403,5683,86,632,26.6813593063996,78.58744357857209
289.0,1441,10146,3,915,22.6499996185303,82.79987892236302
101.0,1268,5766,29,809,,84.95991305658991
248.0,746,9989,66,946,,59.37717466945024
226.0,1512,9383,21,1222,25.3453795593967,89.81601612843784
157.0,2357,13768,16,1087,25.7559166831408,81.22123195665567
355.0,1725,42,21,613,,66.40681329434103
242.0,1634,2345,26,477,,69.12063371393207
96.0,2911,4522,0,995,,63.01351358614497
452.0,2066,42,29,1222,,64.891626123302
696.0,2376,7316,20,1023,25.2531001589176,59.37717466945024
58.0,652,6366,20,568,26.2725599392872,69.12020171626854
173.0,1607,1748,6,676,,69.03292625888503
513.0,4119,14333,17,573,,82.0525085246971
719.0,4900,7077,0,739,26.1318318009159,68.85121326085942
245.0,1642,760,14,1222,,70.487181203592
295.0,1256,2596,23,660,,63.933731843509186
309.0,2148,11920,0,1082,22.6499996185303,59.37717466945024
430.0,2509,8104,0,991,25.7173886382961,59.37717466945024
303.0,2667,6914,10,660,,66.44259805821603
514.0,1743,15112,0,606,25.2957196516268,59.37717466945024
307.0,1197,1770,16,2,,75.60364095562636
58.0,2291,11032,6,945,25.1270243249498,89.4651539804241
441.0,1710,3729,27,1222,,68.04680088981544
58.0,1697,5710,0,945,25.0535107390658,77.31190072922827
506.0,1429,1144,18,417,22.6499996185303,66.67939099233948
316.0,1615,4592,66,950,25.9688871637041,70.54318187905832
432.0,2272,1792,0,473,,59.37717466945024
613.0,1681,6901,43,663,,71.44200455920286
136.0,2340,9947,0,653,,69.60897295982274
101.0,3367,6063,8,1222,,67.47684103191892
347.0,575,4048,0,792,,78.91542690134587
58.0,1839,13927,6,692,,59.37717466945024
324.0,1918,42,0,908,25.6494732076884,64.26589198184149
576.0,1765,42,7,1056,25.5849814352297,59.932496489082766
495.0,403,118,13,455,25.9487317389187,62.31917092363662
477.0,2367,5442,9,812,,64.88975662076416
495.0,1633,42,41,426,,59.37717466945024
465.0,1955,6189,2,578,22.6499996185303,102.46446648872936
584.0,1213,6044,26,1222,,67.0770163089278
342.0,523,6286,11,1093,,64.05616005407376
120.0,743,42,40,474,25.5380023584632,67.68033451244646
557.0,1450,6858,53,875,,75.47194323591793
58.0,1697,5710,0,945,25.0535107390658,77.31190072922827
58.0,2121,12576,9,811,25.4461844370591,70.78120395513318
312.0,2276,6925,0,932,,63.560801872582076
61.0,4154,2707,0,727,22.6499996185303,66.339100727925
331.0,3683,14888,0,985,24.6244344381429,59.37717466945024
58.0,2197,6903,0,707,25.9972727835204,69.2198727047461
314.0,2397,5167,64,1222,,72.28940739076245
284.0,523,6108,46,927,24.7546031309505,77.58016109166851
329.0,1244,42,35,1222,,76.8699635561656
502.0,1242,14282,29,1222,26.756114200785,71.9024934358775
340.0,2384,3056,0,665,,73.32872009089343
393.0,2171,4442,10,1025,,84.35456117169075
96.0,1483,16341,47,932,22.6499996185303,67.56486542553947
381.0,1500,1545,28,395,,72.08499262621268
621.0,1102,42,20,692,23.606792362821,74.45670986855956
58.0,1904,42,31,1222,,68.83079687423034
230.0,1436,9001,39,1222,,70.59781134565247
442.0,2442,8031,33,259,25.8223241857377,62.547343496397424
188.0,2253,7780,14,267,,73.6243516689795
379.0,2239,42,50,1222,,79.48817562004434
550.0,1494,2423,12,337,,72.31898787041095
292.0,2624,8614,36,313,22.9771168756214,59.37717466945024
58.0,2633,42,8,698,26.1470344225525,71.39735761708829
261.0,403,8459,12,1216,,64.35287311549423
264.0,1023,8725,17,417,,68.86555991516052
120.0,4063,7730,0,906,26.5676406133248,85.9436149339737
343.0,704,11307,0,1222,,67.32792761712301
247.0,594,4747,15,633,,76.70965471661238
327.0,403,3323,6,936,,73.54698486768157
479.0,403,10923,0,1222,26.2180167645493,63.837794631332024
303.0,2667,6914,10,660,,66.44259805821603
303.0,2667,6914,10,660,,66.44259805821603
73.0,1549,10041,0,571,24.9375172969987,59.37717466945024
136.0,650,3390,15,977,,59.37717466945024
386.0,1462,42,60,981,,79.39021534798972
250.0,2551,9826,25,1103,25.6748982035882,67.98619519431823
220.0,2233,17221,52,776,,62.428697317403184
155.0,3778,42,0,781,,68.89888144833661
183.0,962,7624,80,1222,26.7032983529146,62.60975743962917
571.0,901,904,16,987,26.396774044451,79.8548208356728
390.0,1000,9902,14,869,,63.23971151034828
570.0,1671,9070,2,884,,65.05811697860317
615.0,2400,2046,0,1120,,66.202967054701
436.0,637,8369,19,687,,69.2892176186581
157.0,2548,42,0,688,,59.37717466945024
58.0,1282,9569,25,372,26.8201017437947,59.37717466945024
557.0,1605,42,83,1062,26.1600798134518,66.36720821968784
411.0,1641,3799,0,819,,69.40030506661846
323.0,828,42,44,856,,83.85909384060498
260.0,2724,4896,4,965,25.5517756902862,65.5443854097544
58.0,2240,8043,69,1222,25.4960282484123,69.76819419817151
210.0,3675,1303,10,1053,25.3462800359693,77.1490379736876
470.0,1696,42,50,1113,,59.37717466945024
435.0,2395,4904,56,1096,25.816785799126,66.571041287444
58.0,2797,11322,0,737,,84.5353392236558
375.0,1861,1871,68,466,,77.30309889422686
573.0,2353,10359,32,968,,60.1904885937289
510.0,2503,18093,0,902,,59.37717466945024
468.0,1649,10081,8,1222,25.8401182407784,65.004643900657
220.0,2233,17221,52,776,,62.428697317403184
329.0,2121,13717,53,1222,,69.1061471323594
557.0,1605,42,83,1062,26.1600798134518,66.36720821968784
369.0,705,2622,24,753,25.2487615804411,89.47253619856554
329.0,2068,5872,0,989,25.2887477528571,59.37717466945024
64.0,3680,8145,5,100,,59.37717466945024
58.0,1569,2940,15,1001,,85.68342042095931
414.0,589,13134,7,1053,,60.23128054198082
204.0,3154,3544,17,903,,67.0434203648087
404.0,2109,42,4,767,,75.00354810607728
314.0,3190,7648,10,707,,86.34321971632454
351.0,1649,2197,38,714,,66.58751578851373
248.0,1474,7813,40,638,,77.12886841724381
421.0,2403,2779,13,692,,79.44389125615002
58.0,1750,2489,2,731,,67.3047919706453
365.0,1681,3880,21,526,,70.21444007677985
335.0,1611,375,42,924,22.6499996185303,74.26847014621222
486.0,1737,656,51,1222,22.6499996185303,59.37717466945024
221.0,1821,1104,25,989,26.172222234339,68.55925085865486
171.0,2859,5269,11,1102,25.9171138294438,71.11600885788519
556.0,3682,14501,58,1222,,59.37717466945024
58.0,1517,2666,8,506,,81.09095659032374
366.0,4671,16124,1,1222,,69.07428673982822
354.0,1081,15931,0,1089,25.4798256917276,64.4134900980343
58.0,1418,7870,12,890,,69.69185686093864
214.0,690,5531,15,239,,59.38126449799569
208.0,1937,6817,13,55,22.6499996185303,67.3171336089969
393.0,2382,8765,14,492,23.0024181082179,72.06619820101054
354.0,2350,7691,0,912,27.1139209234882,65.29218786147645
262.0,1819,2232,0,697,26.3609803549822,78.69023498096477
332.0,708,4238,59,822,,61.40544348453541
576.0,1765,42,7,1056,25.5849814352297,59.932496489082766
305.0,3928,13272,32,170,22.6499996185303,72.49907610854966
447.0,1416,5441,37,1023,26.1375363110521,68.11144765284413
576.0,2450,7994,2,873,24.1498592496662,65.64476176814159
75.0,1986,1875,15,229,26.2552748015585,78.1157254957028
731.0,1851,6304,19,728,,69.98335291510558
217.0,1698,7254,10,988,,80.22768944568416
617.0,1663,42,21,747,22.6499996185303,70.23825996382637
122.0,1232,3432,15,858,,88.83692353337187
322.0,1260,9640,20,934,25.7765679570189,74.68375227635522
501.0,4596,7571,8,1079,,61.19616073338987
462.0,1257,5948,3,1021,,77.27604948405863
323.0,1916,42,0,734,,84.73641548155398
58.0,1931,1591,71,1222,,73.3681331379272
401.0,1711,12593,0,1222,27.1365090916048,68.5333905060244
175.0,489,42,53,537,,59.37717466945024
58.0,2160,42,85,910,26.2746736556699,66.89401753473406
75.0,1986,1875,15,229,26.2552748015585,78.1157254957028
290.0,3651,1985,76,964,26.2480998154577,66.50677863127514
437.0,1695,6213,8,495,,61.43178043593186
570.0,1989,8375,1,728,,84.13303043424659
148.0,1325,10807,0,1222,,70.94546751682118
621.0,1102,42,20,692,23.606792362821,74.45670986855956
318.0,1930,3923,40,1180,,60.479243323224885
58.0,1828,279,38,783,26.2532649416222,59.37717466945024
317.0,1186,11056,72,754,,66.40276040952173
336.0,2608,10714,22,788,,59.37717466945024
203.0,3026,5860,70,739,,69.52622687108992
58.0,1770,11542,44,760,,66.06608715191938
291.0,2117,5190,3,751,22.6499996185303,66.78580460763801
380.0,1838,1296,0,897,,62.934555097764424
441.0,1942,4019,21,238,24.8713835516933,59.37717466945024
207.0,1893,8669,9,781,26.1201824345276,72.19868034017819
511.0,2336,1780,51,419,,66.62317381837359
58.0,1704,1348,78,1030,,75.92597437031203
486.0,1625,1086,0,676,,67.124624512594
380.0,4313,11260,63,1076,26.0584527046989,77.53027021459876
352.0,2951,42,4,660,24.8153220327594,81.32402303018972
754.0,2107,2780,15,948,,64.56120372196838
58.0,2339,3281,17,1031,23.8014901660634,74.92013479492981
473.0,1598,7622,66,842,22.7839761963394,60.116586710537035
83.0,2905,4836,0,1222,,68.07016300567287
455.0,1486,9249,12,4,,67.14902364436468
439.0,4900,2656,33,675,,70.23963327739366
238.0,1582,3973,44,748,,61.50315554174713
298.0,2053,8709,0,2,25.5779552604909,74.94971154930957
447.0,2057,3272,5,1222,,72.1838353993069
544.0,492,13921,0,717,22.6499996185303,79.05892513116103
442.0,1658,2903,5,2,26.8987961214686,70.99964920952806
417.0,2554,634,5,636,26.3001879231295,63.69670283978249
278.0,2554,11840,19,2,,87.63629493912393
682.0,1826,42,0,679,,69.36341228010384
381.0,1675,2313,49,1222,,71.5768690646635
305.0,1741,42,45,456,22.6499996185303,59.88938163422446
235.0,1835,7304,2,852,,84.20641273438034
455.0,4191,5018,10,1050,26.6761049531764,68.3576380506886
314.0,742,5311,56,602,25.635043489685,75.03928158580263
418.0,1445,8795,6,1222,22.6499996185303,84.36460319829297
473.0,1650,3049,57,1222,,85.92830801252308
413.0,1580,8926,21,1055,26.3414305394745,64.0704035523163
507.0,2006,1921,1,573,,72.48253741427871
465.0,568,484,4,562,22.6499996185303,66.2673086189435
420.0,2549,4368,25,235,25.4002859271829,59.37717466945024
754.0,2107,2780,15,948,,64.56120372196838
290.0,1232,17169,22,210,,62.39205650341283
188.0,2253,7780,14,267,,73.6243516689795
473.0,1650,3049,57,1222,,85.92830801252308
486.0,4451,12326,32,1222,25.3560570339989,62.49847552025266
171.0,2859,5269,11,1102,25.9171138294438,71.11600885788519
58.0,961,9883,0,1047,,67.08870262859432
637.0,2063,9506,18,899,,65.90641566636016
284.0,1850,1479,50,1189,26.0108299766683,63.541010138881084
451.0,2923,8572,0,730,22.6499996185303,64.04481993075731
487.0,403,10308,63,1129,,77.47114398423322
448.0,2856,7014,40,1160,,82.40800126506677
408.0,1777,13910,28,1143,28.960364063389,59.37717466945024
451.0,1231,42,23,1222,43.2985631919996,77.21107807180734
559.0,2528,3638,73,708,,64.0508594140479
58.0,1461,2738,20,1220,25.6799248744104,68.48487078792853
606.0,2624,13836,4,507,,59.951412239399474
412.0,403,11648,18,1222,,62.16886783379546
439.0,1158,6254,33,478,,74.43751399669672
500.0,2058,8116,0,855,26.0615101424598,60.482704042259606
326.0,2061,2969,8,1222,,76.45837832300491
308.0,1414,2684,29,1074,,60.22456958395845
313.0,1545,10676,41,476,,59.37717466945024
58.0,3184,2261,35,1089,25.7957434453267,66.69506991865298
743.0,470,2706,0,868,,70.88541056768042
311.0,3285,6276,18,445,25.3518394575705,59.37717466945024
424.0,2762,42,38,1222,26.6099009786169,59.37717466945024
261.0,403,8459,12,1216,,64.35287311549423
441.0,915,6773,49,952,25.8134154404669,69.05573423775323
58.0,1934,3336,52,487,,61.23429422713429
657.0,2005,14809,0,572,,65.38203271496623
340.0,1762,2017,23,829,25.8872987864761,71.08540027672173
614.0,1349,5478,29,704,25.7051158407944,75.49392177781934
58.0,3363,1665,2,981,,63.69819137698206
331.0,1762,8393,0,814,,71.04138794467197
80.0,2286,5501,0,747,25.2724686239281,67.98827088855049
58.0,1697,5710,0,945,25.0535107390658,77.31190072922827
254.0,1356,15500,14,1045,,71.50510542366422
463.0,403,9857,12,1222,,86.43591522507421
476.0,3929,13537,0,1222,25.872603384756,71.98492013712551
463.0,2773,1659,13,745,,70.27969825374157
241.0,1960,6239,15,1222,,71.22047964188444
294.0,3525,2313,25,1077,,74.87105751406826
480.0,2409,8814,0,909,25.231451370846,63.350936996668686
391.0,2457,7286,56,1222,26.156115419772,67.34569062058775
371.0,2069,8260,45,869,,78.26166347696102
58.0,3772,12433,0,995,,59.37717466945024
316.0,2420,10830,0,857,25.798698149338,59.37717466945024
606.0,2624,13836,4,507,,59.951412239399474
439.0,1158,6254,33,478,,74.43751399669672
389.0,4622,2098,2,840,,78.79475131904566
323.0,1916,42,0,734,,84.73641548155398
315.0,1684,7278,0,1222,22.6499996185303,70.66442284157782
254.0,1356,15500,14,1045,,71.50510542366422
468.0,1649,10081,8,1222,25.8401182407784,65.004643900657
353.0,1392,7514,56,651,,63.37949415667754
374.0,403,15051,41,669,26.6515141146365,59.37717466945024
197.0,403,1153,21,293,33.1998050830231,87.3553333993379
475.0,2148,2382,41,956,27.9552534158156,72.5296233369409
471.0,1076,7806,0,689,25.7251739442427,70.20707785324208
314.0,3549,14931,0,786,,60.017778021775754
58.0,782,2397,95,598,,81.52538263266875
363.0,1335,7677,61,876,22.6499996185303,64.96739304300931
306.0,3064,7108,16,1015,22.6499996185303,63.31666484581668
617.0,3105,6317,33,1222,26.1107196085102,59.37717466945024
775.0,758,1995,0,966,22.6499996185303,72.01650687534706
487.0,403,10308,63,1129,,77.47114398423322
505.0,1921,2220,0,828,25.5203806632799,85.94270307481197
366.0,3540,6471,53,772,25.3175891239985,72.5450898073559
360.0,2306,5720,19,1222,,62.29453865725904
58.0,1633,4450,66,1222,25.6551068417091,77.74575350523935
507.0,2006,1921,1,573,,72.48253741427871
58.0,1418,8626,0,1001,,70.52039224027418
58.0,2096,8746,44,1197,,82.02871073694938
109.0,4629,2644,60,1222,26.1458795629756,69.794018807322
328.0,2255,8099,26,520,37.9575407183255,59.37717466945024
120.0,4063,7730,0,906,26.5676406133248,85.9436149339737
315.0,1684,7278,0,1222,22.6499996185303,70.66442284157782
386.0,1889,7856,65,818,26.513296372067,75.92246059327695
249.0,1608,11204,0,1222,,73.02768081198832
319.0,3113,11032,17,1067,,59.37717466945024
354.0,2236,6450,13,1222,,59.37717466945024
527.0,705,10189,9,526,,69.99449207006765
76.0,1718,2642,21,1026,,75.16953800987845
343.0,1421,7094,4,467,25.1568004308092,104.87147199305254
234.0,3064,42,6,652,,67.9569461933071
435.0,3705,2328,47,1003,,59.37717466945024
58.0,1549,4170,18,759,26.8524305697264,68.56515362331344
556.0,418,42,65,970,25.8627998183547,66.43055920211654
58.0,403,11913,0,513,,60.693499809395654
96.0,1951,6575,22,834,,68.07656548823488
210.0,3675,1303,10,1053,25.3462800359693,77.1490379736876
494.0,4140,11764,0,865,,66.10186520107912
324.0,1550,42,79,705,25.6932293628777,63.84027056811755
404.0,2109,42,4,767,,75.00354810607728
58.0,3799,7915,13,978,25.799295958044,74.26943462275202
506.0,2095,11544,11,889,,86.30095165035738
424.0,2762,42,38,1222,26.6099009786169,59.37717466945024
163.0,403,22770,33,923,25.701447778038,74.4389583437244
368.0,1551,42,8,1222,,63.163628057393225
58.0,1423,3286,2,1222,26.4826616765242,81.15088620540959
416.0,1568,8350,50,932,,61.451404395682296
465.0,568,484,4,562,22.6499996185303,66.2673086189435
452.0,2039,3606,0,998,25.7814248849681,72.01046955738877
558.0,4642,4863,0,780,,70.28874528572473
58.0,1989,578,20,768,,83.91192274052202
173.0,612,14957,28,102,25.4818836216499,61.573041018243785
416.0,4525,7612,0,872,,59.37717466945024
474.0,2214,2409,62,672,26.6273049167189,74.97517099385634
307.0,2903,15849,36,2,22.6499996185303,62.383845239547725
58.0,1504,6579,30,726,26.1086946957909,73.47266215621963
278.0,1745,8571,15,440,25.7873986167962,79.17395768575196
341.0,403,3461,18,652,,81.54279530158924
297.0,1236,7839,16,819,,75.44795333878407
314.0,2397,5167,64,1222,,72.28940739076245
58.0,3669,1934,0,611,23.0157303381225,75.40298737271324
601.0,2370,5905,0,551,25.432528456765,61.695606498404274
556.0,3682,14501,58,1222,,59.37717466945024
564.0,1572,5077,8,1145,,64.11338012252092
186.0,1612,4622,19,1222,,78.40779055192164
155.0,3778,42,0,781,,68.89888144833661
58.0,3799,7915,13,978,25.799295958044,74.26943462275202
501.0,1857,5952,0,809,,72.76904587805953
536.0,3062,13228,45,900,,80.32779795374142
194.0,2245,10549,48,940,,82.67512653911886
161.0,4139,5225,15,522,,75.72348113789435
272.0,3086,4933,10,1222,,81.66574501346113
398.0,1056,42,2,559,24.13938162492,70.49180100938543
415.0,1452,12694,46,1080,36.4427657901797,66.95252254009681
297.0,2454,9480,0,790,,59.37717466945024
462.0,1857,8989,28,553,25.8039134840797,69.85972528434476
510.0,1805,3903,0,1222,22.6499996185303,75.57137876770983
163.0,2001,10044,5,715,25.8225702178105,76.97713015931545
316.0,2327,5249,0,1222,,59.37717466945024
467.0,3595,2991,0,1222,,74.41757201041302
78.0,2657,9530,7,1054,,73.17071531015056
311.0,2130,42,34,562,22.6499996185303,77.26960148746461
435.0,1483,6889,0,1222,26.5351935113494,70.1026123631948
58.0,1517,2666,8,506,,81.09095659032374
243.0,539,2733,19,797,,71.14385292200552
179.0,2296,4498,29,808,22.6499996185303,73.8964252941402
377.0,1851,6044,0,716,29.6358341708105,70.39568168784558
464.0,2256,7070,22,661,26.0832718054244,64.20777406855588
235.0,2032,12270,44,1222,,61.287658545154045
314.0,3190,7648,10,707,,86.34321971632454
432.0,1573,9913,13,1222,25.6392168397429,72.84848496458144
361.0,826,6912,84,731,,65.1820897652632
190.0,403,3970,58,564,25.7019467995978,65.30836831057599
775.0,403,1214,48,649,25.3037979013347,59.37717466945024
746.0,776,15133,5,492,,67.23955116344811
607.0,608,6756,40,777,,70.20401552183915
480.0,2409,8814,0,909,25.231451370846,63.350936996668686
272.0,2044,42,2,818,22.7766493492986,81.93219099716252
422.0,3128,903,3,758,25.8750857983257,67.27549432069752
514.0,1662,8176,50,1222,,75.64521252494731
373.0,543,8914,22,890,,80.11876943418228
109.0,1437,42,24,1127,,64.47292630784658
477.0,1590,12699,16,785,,60.51476208537014
386.0,1889,7856,65,818,26.513296372067,75.92246059327695
58.0,1462,4680,8,993,,59.460481256578916
407.0,1769,4158,17,695,,69.68731286931704
360.0,2281,5669,66,708,,94.24939541523283
197.0,2057,7815,41,463,22.6499996185303,59.66806033951741
259.0,1952,9300,21,377,25.2081122158991,61.60785868863806
58.0,1672,2144,39,575,22.6499996185303,75.20066066282553
607.0,608,6756,40,777,,70.20401552183915
583.0,507,12553,49,356,,68.03775175313717
529.0,1355,7204,17,949,,71.62421064680836
406.0,3393,4049,38,1116,,70.46752545584494
477.0,2805,6566,47,778,26.4495555934894,75.49460948695054
288.0,1554,9962,25,789,26.4781631752942,78.15805999110977
657.0,2005,14809,0,572,,65.38203271496623
58.0,2711,22076,37,1222,,72.70298896929891
282.0,1918,6956,28,390,,89.15233735378844
58.0,1597,9868,0,107,,71.27613356592342
58.0,1214,9148,23,509,25.3865825062741,59.37717466945024
360.0,3367,7907,36,1222,,83.23865760576436
58.0,782,42,27,892,26.8526775782784,63.36296791414153
321.0,2181,42,0,1222,26.079594628862,65.54107034901313
383.0,1732,6109,0,1076,,61.174415195773726
505.0,1921,2220,0,828,25.5203806632799,85.94270307481197
266.0,2738,998,28,940,25.7851846129478,83.31883622953488
525.0,2739,8609,2,960,,75.15319321064564
345.0,1137,8477,28,811,,66.54524294544022
314.0,750,42,20,524,,73.43031143544523
477.0,403,1447,40,506,25.975407827365,74.14660356306763
306.0,2233,8598,20,557,,65.95689440780257
80.0,2286,5501,0,747,25.2724686239281,67.98827088855049
325.0,1461,1071,21,1222,,79.74878021152752
220.0,2233,17221,52,776,,62.428697317403184
85.0,1354,22770,14,1222,,68.82176771235626
85.0,1354,22770,14,1222,,68.82176771235626
536.0,1572,1131,52,1053,25.8296245476997,59.6569689561677
315.0,1297,3301,63,119,26.7590568356097,61.7786790074149
573.0,1466,13624,76,1222,,75.35136604162263
58.0,1725,9744,22,659,,62.844453368631264
233.0,3822,4258,15,270,25.9325214099966,77.83147997380877
614.0,1349,5478,29,704,25.7051158407944,75.49392177781934
285.0,1957,1787,0,292,25.5165069702778,70.94659773810186
212.0,1706,7657,0,1024,25.6615024956886,86.81314078418974
337.0,2489,9093,11,914,,72.71946767975888
262.0,2067,9432,51,113,,76.76706474854997
297.0,1236,7839,16,819,,75.44795333878407
259.0,1494,5561,16,724,25.0436081820852,70.78085520415972
469.0,2700,12501,4,1035,,63.73898594257075
298.0,1910,13303,24,597,,68.86039915791493
240.0,1317,42,93,541,22.6499996185303,72.78544987184266
207.0,2162,2253,36,828,22.6499996185303,68.30172408840626
494.0,2914,15399,2,855,25.8644926671147,69.74886573051597
282.0,1928,3706,23,1222,25.0542243729465,64.08432269109585
458.0,823,4282,30,644,25.2450139346296,76.74590905336778
721.0,2199,6450,4,943,,65.55798522718965
58.0,1672,2144,39,575,22.6499996185303,75.20066066282553
424.0,2423,957,32,662,22.9919348978778,65.91273057617803
510.0,1430,42,66,781,25.8927483134803,66.39777962793444
222.0,1661,8199,53,671,27.1687742310051,71.01390415221383
266.0,732,8941,52,308,25.4431187805982,59.77588408188875
371.0,730,14959,61,1169,,63.77407357650365
508.0,1644,11516,13,984,,78.84262253733836
584.0,1427,6661,53,1222,25.2914888927292,71.83159204511915
305.0,3928,13272,32,170,22.6499996185303,72.49907610854966
375.0,2150,6572,36,812,25.3484323588813,70.06490464538386
539.0,403,96,1,775,26.0942022084837,65.53514297102744
448.0,3387,5235,17,529,,76.34297894179733
388.0,1897,7150,0,929,,59.37717466945024
246.0,2542,390,61,747,,74.71231246299091
406.0,3393,4049,38,1116,,70.46752545584494
539.0,1785,42,0,535,25.9536935948434,73.04263515107577
439.0,1675,5607,32,1222,26.0814498783196,63.603092093053085
329.0,2068,5872,0,989,25.2887477528571,59.37717466945024
132.0,2623,90,68,1002,26.2194559346923,66.84924515044605
350.0,2798,5719,28,950,,67.76246499757461
324.0,1382,9792,20,733,,69.00386258868886
286.0,2729,5634,35,1049,,66.41355297729737
70.0,523,10518,57,1222,25.6584920103028,66.09648855436961
657.0,2005,14809,0,572,,65.38203271496623
444.0,3435,42,0,1222,22.6499996185303,59.745466156246415
58.0,2160,42,85,910,26.2746736556699,66.89401753473406
303.0,403,13933,95,853,25.8073981314923,76.23006757331117
249.0,2766,42,34,539,,72.88327610112668
217.0,1481,8972,102,1222,,67.93536359717558
321.0,1277,9333,12,880,,75.70255652207544
169.0,1217,5745,10,502,,77.12420982433643
292.0,1661,7120,0,470,25.3605257283293,64.87047151355326
347.0,575,4048,0,792,,78.91542690134587
155.0,2260,12789,0,306,25.1315898534679,77.14310720591988
652.0,686,5974,13,852,26.1637009238332,78.4381939910824
303.0,2667,6914,10,660,,66.44259805821603
486.0,4451,12326,32,1222,25.3560570339989,62.49847552025266
455.0,4191,5018,10,1050,26.6761049531764,68.3576380506886
458.0,1277,6920,47,977,25.9270086559641,69.32559825592361
449.0,2518,1892,48,753,25.4440217797421,67.85919889009016
258.0,1942,942,37,1222,,59.37717466945024
500.0,2058,8116,0,855,26.0615101424598,60.482704042259606
58.0,1860,42,58,1222,25.8248930177169,77.28733512239124
452.0,2317,11832,0,1135,,72.49560599246678
435.0,3705,2328,47,1003,,59.37717466945024
58.0,1583,5141,59,832,,74.83740343906285
418.0,1605,3681,0,893,,70.79959215024284
495.0,1633,42,41,426,,59.37717466945024
454.0,1893,14696,46,677,,82.83886313776563
58.0,2453,7150,15,495,,72.72225903166482
239.0,3084,4020,0,543,26.0016577854456,59.538927271801384
305.0,2267,7056,8,800,,68.1516410155945
320.0,3472,2701,29,523,,67.70525644309171
58.0,2295,6092,0,641,25.50834697657,75.97457205524418
67.0,566,3962,33,464,,75.65377310927035
398.0,1056,42,2,559,24.13938162492,70.49180100938543
262.0,680,5691,0,851,,69.86976257538296
557.0,2050,42,0,1056,25.3623826662822,73.03368761186732
530.0,1779,105,0,751,,65.20498302922294
366.0,4671,16124,1,1222,,69.07428673982822
370.0,1213,5312,42,759,,74.12946082129658
233.0,1932,6741,6,703,,82.83338014388517
113.0,1331,8874,67,1030,25.9315132155619,83.25764116650674
194.0,1298,6729,7,545,25.6534646071212,69.3041425988286
634.0,1982,16484,58,912,25.2413466856058,59.37717466945024
458.0,4657,2385,5,1222,,59.37717466945024
226.0,1512,9383,21,1222,25.3453795593967,89.81601612843784
249.0,1778,14643,15,811,,74.3775428138822
58.0,2006,6074,48,412,,70.83906728578273
117.0,2272,42,0,1091,,66.87704732673645
354.0,2236,6450,13,1222,,59.37717466945024
335.0,1611,375,42,924,22.6499996185303,74.26847014621222
416.0,2050,42,5,912,,83.7602613039656
587.0,1503,9998,0,729,23.6404789963004,65.98961294582612
238.0,1582,3973,44,748,,61.50315554174713
451.0,1231,42,23,1222,43.2985631919996,77.21107807180734
427.0,3591,10870,21,166,,79.54924982416014
403.0,1318,5253,44,1222,,66.88247011128237
278.0,2365,14235,14,1222,,67.70589493736493
537.0,4186,3370,0,1222,,61.58123092906064
303.0,2579,11003,5,1010,,66.98052750320899
579.0,1552,12878,65,1222,25.8633130802363,61.64046123447904
58.0,2240,8043,69,1222,25.4960282484123,69.76819419817151
58.0,1840,7628,0,1123,,66.96932299954413
292.0,2624,8614,36,313,22.9771168756214,59.37717466945024
564.0,1568,4187,79,923,24.9010283598869,73.24761934757247
250.0,1221,4239,86,693,22.6499996185303,86.79658367383647
746.0,776,15133,5,492,,67.23955116344811
603.0,2199,4645,56,1222,25.1965393912401,69.5498636496608
775.0,403,1214,48,649,25.3037979013347,59.37717466945024
58.0,1214,9148,23,509,25.3865825062741,59.37717466945024
306.0,3064,7108,16,1015,22.6499996185303,63.31666484581668
238.0,1582,3973,44,748,,61.50315554174713
218.0,2209,1293,0,755,,71.57666084843183
361.0,2081,585,0,1053,,60.859196921809506
466.0,403,7286,23,737,,71.42208361987038
477.0,2601,4473,0,486,22.6499996185303,59.37717466945024
242.0,2275,6620,9,519,,61.83278610647031
402.0,1128,1682,13,957,,71.03382472275003
235.0,2222,4569,1,853,22.9765963541189,63.5275063694847
58.0,1930,42,22,799,,70.48211563677886
559.0,1715,8399,18,829,25.613046830897,79.8788090983291
111.0,2319,42,8,1155,,78.06897824388507
393.0,403,7425,0,748,22.6499996185303,67.31545997897281
526.0,1923,5222,0,1185,,59.37717466945024
546.0,1042,9394,0,1222,,83.11570868315313
202.0,1671,42,47,779,,70.42878222803384
222.0,1675,9951,0,1115,,101.28974943189121
573.0,4404,1052,1,843,22.6499996185303,68.57772250052082
58.0,1500,7366,12,1033,25.6791270502141,73.96586181709344
458.0,823,4282,30,644,25.2450139346296,76.74590905336778
351.0,1649,2197,38,714,,66.58751578851373
155.0,2260,12789,0,306,25.1315898534679,77.14310720591988
495.0,2046,42,9,1180,26.6901869225232,68.78032081505535
707.0,1979,7997,3,1218,,59.37717466945024
372.0,403,8281,57,742,25.5782300173269,84.22585380322494
404.0,2093,10360,0,676,,75.79811941484233
483.0,2780,42,124,842,,59.37717466945024
353.0,1392,7514,56,651,,63.37949415667754
526.0,1722,334,17,847,,70.6279495274561
422.0,1802,5514,46,904,,75.50607323510788
282.0,1796,8614,8,423,,62.65355864246703
146.0,1801,1956,0,600,25.4436349312308,59.37717466945024
311.0,2432,17813,8,1021,27.8606587931651,62.35803906392213
160.0,4130,2512,0,1216,,72.63454323157448
58.0,403,3004,40,330,23.4598719308323,68.31947361403613
519.0,1722,9053,10,883,22.6499996185303,66.62921295592896
467.0,1631,42,70,1037,24.3227038912568,77.18050500737407
202.0,4104,3923,26,893,25.227772485445,72.08543290573142
58.0,1934,3336,52,487,,61.23429422713429
58.0,3019,2891,38,102,,70.29863308748945
570.0,1989,8375,1,728,,84.13303043424659
118.0,2291,42,3,512,,59.37717466945024
298.0,1910,13303,24,597,,68.86039915791493
58.0,1161,69,17,1222,26.3440083631997,73.16122108662869
375.0,564,5356,62,1222,,78.39281452800726
316.0,1763,15661,2,1007,,68.91940265074638
470.0,1344,5066,23,1184,,66.20474774640354
119.0,489,14367,5,819,,64.0772873701024
58.0,2513,9446,123,1222,26.0288786486615,74.1790074491704
323.0,1913,5240,34,655,,62.134592124102085
322.0,2234,12125,19,610,22.6499996185303,70.43597291891913
408.0,2704,8145,56,1080,,74.28327930726643
451.0,1539,42,84,231,,72.91783519503467
58.0,2754,12405,52,846,,63.954963382749526
390.0,759,7211,15,1147,22.6499996185303,60.38519687262994
407.0,1910,5723,16,766,26.7265934224983,78.87330149424497
306.0,2035,9435,20,447,,65.46404685352903
402.0,1128,1682,13,957,,71.03382472275003
58.0,4319,748,0,1222,25.4781978195213,59.37717466945024
424.0,2762,42,38,1222,26.6099009786169,59.37717466945024
313.0,1545,10676,41,476,,59.37717466945024
333.0,2195,5347,75,884,,61.29765431376601
470.0,1344,5066,23,1184,,66.20474774640354
324.0,1950,42,15,374,,59.37717466945024
58.0,1983,9419,2,982,26.8812745448124,59.37717466945024
300.0,1351,5091,2,768,,70.36811228643872
379.0,2239,42,50,1222,,79.48817562004434
337.0,3157,42,59,817,,79.28522474473088
595.0,3912,7383,56,885,25.3156285978768,60.46102663103551
58.0,2197,6903,0,707,25.9972727835204,69.2198727047461
340.0,1476,5851,36,914,25.900161267176,75.58043632316861
58.0,2323,6041,73,1222,25.6392432860546,77.7566383306946
276.0,4321,823,47,870,,63.308485611523956
762.0,2498,8096,26,1002,,64.39228448749542
775.0,1007,42,38,1051,25.3677879669157,73.99213735717389
249.0,1424,6412,30,1032,,73.62692697633773
417.0,3864,3772,12,931,,64.38576799473392
64.0,3680,8145,5,100,,59.37717466945024
513.0,1550,13384,8,1043,25.8228301240253,67.59696973358787
570.0,1989,8375,1,728,,84.13303043424659
434.0,1003,10983,24,2,,69.21702084893654
58.0,1542,9385,22,484,,67.79561710279336
496.0,1281,3370,66,822,,67.26589828296278
591.0,3839,2231,57,1222,,67.02918500757865
615.0,2400,2046,0,1120,,66.202967054701
183.0,962,7624,80,1222,26.7032983529146,62.60975743962917
287.0,1456,3075,60,1219,,67.25252999221821
58.0,2096,8746,44,1197,,82.02871073694938
293.0,1392,1994,24,1168,25.7358854328705,68.52658662093415
